Gene ID,Pathway Name,Level 2,Level 1,Other Gene ID
100271927,ko04014//Ras signaling pathway,Signal transduction,Environmental Information Processing,RASA4B
100289279,ko04514//Cell adhesion molecules (CAMs),Signaling molecules and interaction,Environmental Information Processing,LOC100289279
1003,ko05418//Fluid shear stress and atherosclerosis;ko04514//Cell adhesion molecules (CAMs);ko04670//Leukocyte transendothelial migration,Signaling molecules and interaction;Immune system;Cardiovascular diseases,Human Diseases;Environmental Information Processing;Organismal Systems,CDH5
100506658,ko04530//Tight junction;ko04670//Leukocyte transendothelial migration;ko05130//Pathogenic Escherichia coli infection;ko04514//Cell adhesion molecules (CAMs);ko05160//Hepatitis C,Immune system;Cellular community - eukaryotes;Signaling molecules and interaction;Infectious diseases: Bacterial;Infectious diseases: Viral,Environmental Information Processing;Cellular Processes;Human Diseases;Organismal Systems,OCLN
10156,ko04014//Ras signaling pathway,Signal transduction,Environmental Information Processing,RASA4
10207,ko05165//Human papillomavirus infection;ko04530//Tight junction;ko04390//Hippo signaling pathway,Cellular community - eukaryotes;Infectious diseases: Viral;Signal transduction,Environmental Information Processing;Human Diseases;Cellular Processes,PATJ
10298,ko04810//Regulation of actin cytoskeleton;ko05206//MicroRNAs in cancer;ko05170//Human immunodeficiency virus 1 infection;ko05211//Renal cell carcinoma;ko04510//Focal adhesion;ko04014//Ras signaling pathway;ko04360//Axon guidance;ko04012//ErbB signaling pathway;ko04660//T cell receptor signaling pathway,Cellular community - eukaryotes;Immune system;Signal transduction;Development;Infectious diseases: Viral;Cancers: Specific types;Cancers: Overview;Cell motility,Cellular Processes;Human Diseases;Environmental Information Processing;Organismal Systems,PAK4
10398,ko04270//Vascular smooth muscle contraction;ko04670//Leukocyte transendothelial migration;ko04024//cAMP signaling pathway;ko04022//cGMP-PKG signaling pathway;ko04810//Regulation of actin cytoskeleton;ko04530//Tight junction;ko04510//Focal adhesion;ko04921//Oxytocin signaling pathway;ko04360//Axon guidance,Immune system;Cell motility;Endocrine system;Signal transduction;Circulatory system;Development;Cellular community - eukaryotes,Cellular Processes;Organismal Systems;Environmental Information Processing,MYL9
10418,ko05144//Malaria;ko04145//Phagosome;ko03018//RNA degradation;ko04970//Salivary secretion;ko05205//Proteoglycans in cancer;ko04140//Autophagy - animal;ko04350//TGF-beta signaling pathway;ko05146//Amoebiasis;ko04015//Rap1 signaling pathway;ko04611//Platelet activation;ko04115//p53 signaling pathway;ko04151//PI3K-Akt signaling pathway;ko05206//MicroRNAs in cancer;ko04512//ECM-receptor interaction;ko05165//Human papillomavirus infection;ko04510//Focal adhesion;ko04137//Mitophagy - animal;ko04974//Protein digestion and absorption;ko04933//AGE-RAGE signaling pathway in diabetic complications;ko05219//Bladder cancer;ko04926//Relaxin signaling pathway,"Infectious diseases: Parasitic;Endocrine system;Immune system;Transport and catabolism;Cancers: Overview;Cancers: Specific types;Infectious diseases: Viral;Digestive system;Folding, sorting and degradation;Signal transduction;Cellular community - eukaryotes;Endocrine and metabolic diseases;Signaling molecules and interaction;Cell growth and death",Genetic Information Processing;Cellular Processes;Environmental Information Processing;Organismal Systems;Human Diseases,SPON1
10451,ko04664//Fc epsilon RI signaling pathway;ko04670//Leukocyte transendothelial migration;ko04660//T cell receptor signaling pathway;ko04810//Regulation of actin cytoskeleton;ko04510//Focal adhesion;ko04062//Chemokine signaling pathway;ko04650//Natural killer cell mediated cytotoxicity;ko04024//cAMP signaling pathway;ko04666//Fc gamma R-mediated phagocytosis;ko04662//B cell receptor signaling pathway,Cellular community - eukaryotes;Cell motility;Signal transduction;Immune system,Environmental Information Processing;Cellular Processes;Organismal Systems,VAV3
109,"ko04725//Cholinergic synapse;ko04913//Ovarian steroidogenesis;ko04916//Melanogenesis;ko04062//Chemokine signaling pathway;ko04714//Thermogenesis;ko04270//Vascular smooth muscle contraction;ko05414//Dilated cardiomyopathy (DCM);ko04911//Insulin secretion;ko05163//Human cytomegalovirus infection;ko04261//Adrenergic signaling in cardiomyocytes;ko05166//Human T-cell leukemia virus 1 infection;ko04022//cGMP-PKG signaling pathway;ko04912//GnRH signaling pathway;ko04713//Circadian entrainment;ko04211//Longevity regulating pathway;ko05200//Pathways in cancer;ko04972//Pancreatic secretion;ko04611//Platelet activation;ko04020//Calcium signaling pathway;ko04024//cAMP signaling pathway;ko04918//Thyroid hormone synthesis;ko04962//Vasopressin-regulated water reabsorption;ko04724//Glutamatergic synapse;ko04723//Retrograde endocannabinoid signaling;ko04971//Gastric acid secretion;ko04926//Relaxin signaling pathway;ko04925//Aldosterone synthesis and secretion;ko04970//Salivary secretion;ko05032//Morphine addiction;ko00230//Purine metabolism;ko04927//Cortisol synthesis and secretion;ko04914//Progesterone-mediated oocyte maturation;ko04750//Inflammatory mediator regulation of TRP channels;ko01522//Endocrine resistance;ko04923//Regulation of lipolysis in adipocytes;ko05110//Vibrio cholerae infection;ko04934//Cushing syndrome;ko04015//Rap1 signaling pathway;ko04921//Oxytocin signaling pathway;ko04915//Estrogen signaling pathway;ko04727//GABAergic synapse;ko04371//Apelin signaling pathway;ko04213//Longevity regulating pathway - multiple species;ko04740//Olfactory transduction;ko04976//Bile secretion;ko04928//Parathyroid hormone synthesis, secretion and action;ko04114//Oocyte meiosis;ko04540//Gap junction;ko04072//Phospholipase D signaling pathway",Nervous system;Digestive system;Endocrine and metabolic diseases;Cell growth and death;Substance dependence;Cancers: Overview;Aging;Nucleotide metabolism;Cardiovascular diseases;Excretory system;Signal transduction;Infectious diseases: Bacterial;Immune system;Drug resistance: Antineoplastic;Endocrine system;Sensory system;Infectious diseases: Viral;Environmental adaptation;Cellular community - eukaryotes;Circulatory system,Metabolism;Organismal Systems;Cellular Processes;Environmental Information Processing;Human Diseases,ADCY3
11069,ko04911//Insulin secretion;ko04024//cAMP signaling pathway;ko04670//Leukocyte transendothelial migration;ko04015//Rap1 signaling pathway;ko04261//Adrenergic signaling in cardiomyocytes;ko04072//Phospholipase D signaling pathway,Immune system;Endocrine system;Signal transduction;Circulatory system,Organismal Systems;Environmental Information Processing,RAPGEF4
11259,ko04530//Tight junction,Cellular community - eukaryotes,Cellular Processes,FILIP1L
11346,ko04530//Tight junction,Cellular community - eukaryotes,Cellular Processes,SYNPO
1272,ko04514//Cell adhesion molecules (CAMs),Signaling molecules and interaction,Environmental Information Processing,CNTN1
1364,ko04670//Leukocyte transendothelial migration;ko04514//Cell adhesion molecules (CAMs);ko05160//Hepatitis C;ko04530//Tight junction,Cellular community - eukaryotes;Infectious diseases: Viral;Signaling molecules and interaction;Immune system,Cellular Processes;Human Diseases;Environmental Information Processing;Organismal Systems,CLDN4
1366,ko04670//Leukocyte transendothelial migration;ko04514//Cell adhesion molecules (CAMs);ko04530//Tight junction;ko05160//Hepatitis C,Signaling molecules and interaction;Cellular community - eukaryotes;Infectious diseases: Viral;Immune system,Cellular Processes;Organismal Systems;Human Diseases;Environmental Information Processing,CLDN7
143458,ko05144//Malaria;ko04918//Thyroid hormone synthesis;ko05010//Alzheimer disease;ko04979//Cholesterol metabolism;ko04340//Hedgehog signaling pathway,Digestive system;Endocrine system;Signal transduction;Infectious diseases: Parasitic;Neurodegenerative diseases,Organismal Systems;Human Diseases;Environmental Information Processing,LDLRAD3
1435,ko04380//Osteoclast differentiation;ko04014//Ras signaling pathway;ko05323//Rheumatoid arthritis;ko04010//MAPK signaling pathway;ko04640//Hematopoietic cell lineage;ko04060//Cytokine-cytokine receptor interaction;ko04015//Rap1 signaling pathway;ko04668//TNF signaling pathway;ko04151//PI3K-Akt signaling pathway,Signaling molecules and interaction;Immune diseases;Immune system;Development;Signal transduction,Human Diseases;Environmental Information Processing;Organismal Systems,CSF1
1440,ko04630//Jak-STAT signaling pathway;ko05144//Malaria;ko04640//Hematopoietic cell lineage;ko04060//Cytokine-cytokine receptor interaction;ko04657//IL-17 signaling pathway;ko04151//PI3K-Akt signaling pathway,Infectious diseases: Parasitic;Immune system;Signal transduction;Signaling molecules and interaction,Human Diseases;Environmental Information Processing;Organismal Systems,CSF3
145282,ko05132//Salmonella infection;ko05146//Amoebiasis;ko04151//PI3K-Akt signaling pathway;ko04810//Regulation of actin cytoskeleton;ko04140//Autophagy - animal;ko05410//Hypertrophic cardiomyopathy (HCM);ko04024//cAMP signaling pathway;ko04611//Platelet activation;ko04921//Oxytocin signaling pathway;ko04022//cGMP-PKG signaling pathway;ko05131//Shigellosis;ko05414//Dilated cardiomyopathy (DCM);ko05216//Thyroid cancer;ko05200//Pathways in cancer;ko05163//Human cytomegalovirus infection;ko04062//Chemokine signaling pathway;ko04270//Vascular smooth muscle contraction;ko04360//Axon guidance;ko04510//Focal adhesion;ko04530//Tight junction;ko04071//Sphingolipid signaling pathway;ko04261//Adrenergic signaling in cardiomyocytes;ko05145//Toxoplasmosis;ko04670//Leukocyte transendothelial migration;ko04310//Wnt signaling pathway;ko05222//Small cell lung cancer;ko04137//Mitophagy - animal;ko05130//Pathogenic Escherichia coli infection;ko05205//Proteoglycans in cancer;ko04512//ECM-receptor interaction;ko05165//Human papillomavirus infection;ko04260//Cardiac muscle contraction,Signal transduction;Signaling molecules and interaction;Cancers: Specific types;Development;Endocrine system;Cardiovascular diseases;Transport and catabolism;Cancers: Overview;Infectious diseases: Parasitic;Circulatory system;Immune system;Cell motility;Infectious diseases: Bacterial;Infectious diseases: Viral;Cellular community - eukaryotes,Human Diseases;Organismal Systems;Environmental Information Processing;Cellular Processes,MIPOL1
146850,ko04261//Adrenergic signaling in cardiomyocytes;ko04062//Chemokine signaling pathway;ko04611//Platelet activation;ko04072//Phospholipase D signaling pathway;ko04137//Mitophagy - animal;ko04725//Cholinergic synapse;ko05145//Toxoplasmosis;ko04151//PI3K-Akt signaling pathway;ko04140//Autophagy - animal;ko04022//cGMP-PKG signaling pathway;ko05167//Kaposi sarcoma-associated herpesvirus infection;ko03010//Ribosome;ko04371//Apelin signaling pathway;ko04921//Oxytocin signaling pathway,Circulatory system;Endocrine system;Infectious diseases: Parasitic;Translation;Nervous system;Transport and catabolism;Signal transduction;Infectious diseases: Viral;Immune system,Organismal Systems;Genetic Information Processing;Environmental Information Processing;Human Diseases;Cellular Processes,PIK3R6
147645,ko05168//Herpes simplex infection;ko04514//Cell adhesion molecules (CAMs);ko04520//Adherens junction,Infectious diseases: Viral;Signaling molecules and interaction;Cellular community - eukaryotes,Cellular Processes;Environmental Information Processing;Human Diseases,VSIG10L
148327,"ko05215//Prostate cancer;ko05034//Alcoholism;ko04918//Thyroid hormone synthesis;ko04911//Insulin secretion;ko05161//Hepatitis B;ko04151//PI3K-Akt signaling pathway;ko04922//Glucagon signaling pathway;ko04714//Thermogenesis;ko04916//Melanogenesis;ko04927//Cortisol synthesis and secretion;ko04928//Parathyroid hormone synthesis, secretion and action;ko05030//Cocaine addiction;ko04931//Insulin resistance;ko04668//TNF signaling pathway;ko04934//Cushing syndrome;ko05163//Human cytomegalovirus infection;ko05016//Huntington disease;ko05165//Human papillomavirus infection;ko04728//Dopaminergic synapse;ko05031//Amphetamine addiction;ko04926//Relaxin signaling pathway;ko05203//Viral carcinogenesis;ko04925//Aldosterone synthesis and secretion;ko05166//Human T-cell leukemia virus 1 infection;ko04152//AMPK signaling pathway;ko04725//Cholinergic synapse;ko04261//Adrenergic signaling in cardiomyocytes;ko04211//Longevity regulating pathway;ko04915//Estrogen signaling pathway;ko04962//Vasopressin-regulated water reabsorption;ko04022//cGMP-PKG signaling pathway;ko04024//cAMP signaling pathway",Cancers: Overview;Endocrine system;Endocrine and metabolic diseases;Nervous system;Infectious diseases: Viral;Excretory system;Signal transduction;Aging;Environmental adaptation;Cancers: Specific types;Neurodegenerative diseases;Circulatory system;Substance dependence,Organismal Systems;Environmental Information Processing;Human Diseases,CREB3L4
153562,ko04530//Tight junction,Cellular community - eukaryotes,Cellular Processes,MARVELD2
1536,ko04066//HIF-1 signaling pathway;ko04621//NOD-like receptor signaling pathway;ko05140//Leishmaniasis;ko04145//Phagosome;ko04216//Ferroptosis;ko04217//Necroptosis;ko04933//AGE-RAGE signaling pathway in diabetic complications;ko04670//Leukocyte transendothelial migration,Signal transduction;Endocrine and metabolic diseases;Cell growth and death;Immune system;Infectious diseases: Parasitic;Transport and catabolism,Human Diseases;Organismal Systems;Environmental Information Processing;Cellular Processes,CYBB
171024,ko04530//Tight junction,Cellular community - eukaryotes,Cellular Processes,SYNPO2
1902,ko05200//Pathways in cancer;ko04080//Neuroactive ligand-receptor interaction;ko04072//Phospholipase D signaling pathway;ko04810//Regulation of actin cytoskeleton;ko04151//PI3K-Akt signaling pathway;ko04540//Gap junction;ko04015//Rap1 signaling pathway,Signal transduction;Cell motility;Cancers: Overview;Signaling molecules and interaction;Cellular community - eukaryotes,Human Diseases;Environmental Information Processing;Cellular Processes,LPAR1
1910,ko04020//Calcium signaling pathway;ko04080//Neuroactive ligand-receptor interaction;ko04022//cGMP-PKG signaling pathway;ko04926//Relaxin signaling pathway;ko04916//Melanogenesis;ko05200//Pathways in cancer,Cancers: Overview;Signal transduction;Signaling molecules and interaction;Endocrine system,Human Diseases;Environmental Information Processing;Organismal Systems,EDNRB
1944,ko04360//Axon guidance;ko04014//Ras signaling pathway;ko04657//IL-17 signaling pathway;ko04151//PI3K-Akt signaling pathway;ko04010//MAPK signaling pathway;ko04015//Rap1 signaling pathway,Development;Signal transduction;Immune system,Environmental Information Processing;Organismal Systems,EFNA3
1945,ko04360//Axon guidance;ko04151//PI3K-Akt signaling pathway;ko04015//Rap1 signaling pathway;ko04010//MAPK signaling pathway;ko04014//Ras signaling pathway,Signal transduction;Development,Environmental Information Processing;Organismal Systems,EFNA4
2064,ko05206//MicroRNAs in cancer;ko04020//Calcium signaling pathway;ko05226//Gastric cancer;ko04066//HIF-1 signaling pathway;ko01524//Platinum drug resistance;ko04151//PI3K-Akt signaling pathway;ko04510//Focal adhesion;ko05212//Pancreatic cancer;ko05200//Pathways in cancer;ko05205//Proteoglycans in cancer;ko04010//MAPK signaling pathway;ko01521//EGFR tyrosine kinase inhibitor resistance;ko05213//Endometrial cancer;ko05224//Breast cancer;ko04530//Tight junction;ko04520//Adherens junction;ko05223//Non-small cell lung cancer;ko01522//Endocrine resistance;ko05230//Central carbon metabolism in cancer;ko05215//Prostate cancer;ko04012//ErbB signaling pathway;ko05219//Bladder cancer,Signal transduction;Drug resistance: Antineoplastic;Cancers: Overview;Cancers: Specific types;Cellular community - eukaryotes,Environmental Information Processing;Cellular Processes;Human Diseases,ERBB2
2113,ko04013//MAPK signaling pathway - fly;ko04320//Dorso-ventral axis formation;ko04218//Cellular senescence;ko04014//Ras signaling pathway;ko05200//Pathways in cancer;ko05211//Renal cell carcinoma;ko05166//Human T-cell leukemia virus 1 infection,Infectious diseases: Viral;Cancers: Overview;Cell growth and death;Development;Cancers: Specific types;Signal transduction,Human Diseases;Environmental Information Processing;Cellular Processes;Organismal Systems,ETS1
214,ko04514//Cell adhesion molecules (CAMs),Signaling molecules and interaction,Environmental Information Processing,ALCAM
219972,ko04640//Hematopoietic cell lineage;ko04662//B cell receptor signaling pathway;ko04514//Cell adhesion molecules (CAMs),Signaling molecules and interaction;Immune system,Organismal Systems;Environmental Information Processing,MPEG1
2260,"ko04010//MAPK signaling pathway;ko04810//Regulation of actin cytoskeleton;ko05205//Proteoglycans in cancer;ko04014//Ras signaling pathway;ko04520//Adherens junction;ko05230//Central carbon metabolism in cancer;ko04714//Thermogenesis;ko05200//Pathways in cancer;ko05215//Prostate cancer;ko05218//Melanoma;ko04015//Rap1 signaling pathway;ko04550//Signaling pathways regulating pluripotency of stem cells;ko05224//Breast cancer;ko04928//Parathyroid hormone synthesis, secretion and action;ko04151//PI3K-Akt signaling pathway",Cancers: Specific types;Cell motility;Cancers: Overview;Environmental adaptation;Endocrine system;Signal transduction;Cellular community - eukaryotes,Cellular Processes;Organismal Systems;Environmental Information Processing;Human Diseases,FGFR1
2263,ko04144//Endocytosis;ko04810//Regulation of actin cytoskeleton;ko05230//Central carbon metabolism in cancer;ko04015//Rap1 signaling pathway;ko04010//MAPK signaling pathway;ko05200//Pathways in cancer;ko05226//Gastric cancer;ko05215//Prostate cancer;ko01521//EGFR tyrosine kinase inhibitor resistance;ko04550//Signaling pathways regulating pluripotency of stem cells;ko04151//PI3K-Akt signaling pathway;ko04014//Ras signaling pathway,Cellular community - eukaryotes;Drug resistance: Antineoplastic;Signal transduction;Cell motility;Transport and catabolism;Cancers: Overview;Cancers: Specific types,Cellular Processes;Environmental Information Processing;Human Diseases,FGFR2
22808,ko04010//MAPK signaling pathway;ko04371//Apelin signaling pathway;ko04140//Autophagy - animal;ko04014//Ras signaling pathway;ko05205//Proteoglycans in cancer;ko04137//Mitophagy - animal;ko04625//C-type lectin receptor signaling pathway;ko04015//Rap1 signaling pathway;ko04218//Cellular senescence;ko04810//Regulation of actin cytoskeleton;ko04072//Phospholipase D signaling pathway,Immune system;Cell motility;Signal transduction;Transport and catabolism;Cancers: Overview;Cell growth and death,Environmental Information Processing;Organismal Systems;Cellular Processes;Human Diseases,MRAS
23179,ko04014//Ras signaling pathway,Signal transduction,Environmental Information Processing,RGL1
2321,ko04014//Ras signaling pathway;ko04015//Rap1 signaling pathway;ko04010//MAPK signaling pathway;ko04510//Focal adhesion;ko04151//PI3K-Akt signaling pathway;ko04066//HIF-1 signaling pathway;ko05202//Transcriptional misregulation in cancer;ko05323//Rheumatoid arthritis,Signal transduction;Immune diseases;Cancers: Overview;Cellular community - eukaryotes,Environmental Information Processing;Human Diseases;Cellular Processes,FLT1
2323,ko04151//PI3K-Akt signaling pathway;ko04640//Hematopoietic cell lineage;ko04014//Ras signaling pathway;ko04010//MAPK signaling pathway;ko05200//Pathways in cancer,Signal transduction;Cancers: Overview;Immune system,Organismal Systems;Human Diseases;Environmental Information Processing,FLT3LG
2533,ko04015//Rap1 signaling pathway,Signal transduction,Environmental Information Processing,FYB
260425,ko04015//Rap1 signaling pathway,Signal transduction,Environmental Information Processing,MAGI3
27145,ko04530//Tight junction,Cellular community - eukaryotes,Cellular Processes,FILIP1
2771,"ko05032//Morphine addiction;ko04015//Rap1 signaling pathway;ko04926//Relaxin signaling pathway;ko04540//Gap junction;ko05200//Pathways in cancer;ko05012//Parkinson disease;ko05145//Toxoplasmosis;ko04934//Cushing syndrome;ko04022//cGMP-PKG signaling pathway;ko04726//Serotonergic synapse;ko04261//Adrenergic signaling in cardiomyocytes;ko05034//Alcoholism;ko04924//Renin secretion;ko05142//Chagas disease (American trypanosomiasis);ko04728//Dopaminergic synapse;ko04730//Long-term depression;ko04723//Retrograde endocannabinoid signaling;ko04971//Gastric acid secretion;ko05133//Pertussis;ko04921//Oxytocin signaling pathway;ko04914//Progesterone-mediated oocyte maturation;ko05170//Human immunodeficiency virus 1 infection;ko04713//Circadian entrainment;ko05163//Human cytomegalovirus infection;ko04670//Leukocyte transendothelial migration;ko04727//GABAergic synapse;ko04371//Apelin signaling pathway;ko04724//Glutamatergic synapse;ko04725//Cholinergic synapse;ko04024//cAMP signaling pathway;ko05030//Cocaine addiction;ko04928//Parathyroid hormone synthesis, secretion and action;ko04916//Melanogenesis;ko04611//Platelet activation;ko04360//Axon guidance;ko04915//Estrogen signaling pathway;ko04062//Chemokine signaling pathway;ko04071//Sphingolipid signaling pathway;ko04923//Regulation of lipolysis in adipocytes",Environmental adaptation;Cancers: Overview;Endocrine and metabolic diseases;Cellular community - eukaryotes;Endocrine system;Development;Digestive system;Infectious diseases: Viral;Substance dependence;Neurodegenerative diseases;Infectious diseases: Parasitic;Nervous system;Immune system;Signal transduction;Infectious diseases: Bacterial;Circulatory system,Organismal Systems;Environmental Information Processing;Human Diseases;Cellular Processes,GNAI2
2788,ko05170//Human immunodeficiency virus 1 infection;ko04926//Relaxin signaling pathway;ko04014//Ras signaling pathway;ko04725//Cholinergic synapse;ko04740//Olfactory transduction;ko05167//Kaposi sarcoma-associated herpesvirus infection;ko04062//Chemokine signaling pathway;ko04723//Retrograde endocannabinoid signaling;ko04151//PI3K-Akt signaling pathway;ko04727//GABAergic synapse;ko04371//Apelin signaling pathway;ko05200//Pathways in cancer;ko04713//Circadian entrainment;ko05032//Morphine addiction;ko05163//Human cytomegalovirus infection;ko04728//Dopaminergic synapse;ko05034//Alcoholism;ko04726//Serotonergic synapse;ko04724//Glutamatergic synapse,Environmental adaptation;Endocrine system;Sensory system;Cancers: Overview;Immune system;Signal transduction;Infectious diseases: Viral;Substance dependence;Nervous system,Human Diseases;Organismal Systems;Environmental Information Processing,GNG7
2791,ko04727//GABAergic synapse;ko04713//Circadian entrainment;ko05167//Kaposi sarcoma-associated herpesvirus infection;ko04726//Serotonergic synapse;ko04728//Dopaminergic synapse;ko04062//Chemokine signaling pathway;ko04926//Relaxin signaling pathway;ko05034//Alcoholism;ko04014//Ras signaling pathway;ko05032//Morphine addiction;ko04151//PI3K-Akt signaling pathway;ko04723//Retrograde endocannabinoid signaling;ko04725//Cholinergic synapse;ko05163//Human cytomegalovirus infection;ko04371//Apelin signaling pathway;ko04724//Glutamatergic synapse;ko05200//Pathways in cancer;ko05170//Human immunodeficiency virus 1 infection,Signal transduction;Immune system;Environmental adaptation;Substance dependence;Cancers: Overview;Infectious diseases: Viral;Endocrine system;Nervous system,Environmental Information Processing;Human Diseases;Organismal Systems,GNG11
285,ko04014//Ras signaling pathway;ko05167//Kaposi sarcoma-associated herpesvirus infection;ko04015//Rap1 signaling pathway;ko04066//HIF-1 signaling pathway;ko04010//MAPK signaling pathway;ko04151//PI3K-Akt signaling pathway,Signal transduction;Infectious diseases: Viral,Human Diseases;Environmental Information Processing,ANGPT2
2869,ko05032//Morphine addiction;ko04341//Hedgehog signaling pathway - fly;ko04062//Chemokine signaling pathway;ko04144//Endocytosis,Substance dependence;Signal transduction;Immune system;Transport and catabolism,Cellular Processes;Human Diseases;Organismal Systems;Environmental Information Processing,GRK5
2878,ko00590//Arachidonic acid metabolism;ko04918//Thyroid hormone synthesis;ko00480//Glutathione metabolism,Metabolism of other amino acids;Lipid metabolism;Endocrine system,Metabolism;Organismal Systems,GPX3
2891,ko04723//Retrograde endocannabinoid signaling;ko04713//Circadian entrainment;ko04730//Long-term depression;ko04080//Neuroactive ligand-receptor interaction;ko04024//cAMP signaling pathway;ko05014//Amyotrophic lateral sclerosis (ALS);ko05031//Amphetamine addiction;ko04728//Dopaminergic synapse;ko04724//Glutamatergic synapse;ko05030//Cocaine addiction;ko05033//Nicotine addiction;ko04720//Long-term potentiation,Neurodegenerative diseases;Environmental adaptation;Substance dependence;Nervous system;Signal transduction;Signaling molecules and interaction,Organismal Systems;Environmental Information Processing;Human Diseases,GRIA2
291,ko05166//Human T-cell leukemia virus 1 infection;ko04217//Necroptosis;ko04022//cGMP-PKG signaling pathway;ko05012//Parkinson disease;ko04218//Cellular senescence;ko04020//Calcium signaling pathway;ko05016//Huntington disease,Infectious diseases: Viral;Signal transduction;Neurodegenerative diseases;Cell growth and death,Human Diseases;Cellular Processes;Environmental Information Processing,SLC25A4
2969,ko04022//cGMP-PKG signaling pathway;ko03022//Basal transcription factors;ko05168//Herpes simplex infection,Signal transduction;Transcription;Infectious diseases: Viral,Genetic Information Processing;Human Diseases;Environmental Information Processing,GTF2I
3055,ko05167//Kaposi sarcoma-associated herpesvirus infection;ko04666//Fc gamma R-mediated phagocytosis;ko04062//Chemokine signaling pathway,Immune system;Infectious diseases: Viral,Human Diseases;Organismal Systems,HCK
3059,ko05205//Proteoglycans in cancer;ko05100//Bacterial invasion of epithelial cells;ko04530//Tight junction;ko05131//Shigellosis;ko05130//Pathogenic Escherichia coli infection,Cancers: Overview;Infectious diseases: Bacterial;Cellular community - eukaryotes,Human Diseases;Cellular Processes,HCLS1
3082,ko05144//Malaria;ko05200//Pathways in cancer;ko05218//Melanoma;ko05226//Gastric cancer;ko04151//PI3K-Akt signaling pathway;ko05205//Proteoglycans in cancer;ko04015//Rap1 signaling pathway;ko04010//MAPK signaling pathway;ko05211//Renal cell carcinoma;ko05225//Hepatocellular carcinoma;ko04014//Ras signaling pathway;ko04510//Focal adhesion;ko01521//EGFR tyrosine kinase inhibitor resistance,Drug resistance: Antineoplastic;Signal transduction;Cancers: Overview;Cellular community - eukaryotes;Infectious diseases: Parasitic;Cancers: Specific types,Human Diseases;Environmental Information Processing;Cellular Processes,HGF
3105,ko05320//Autoimmune thyroid disease;ko04612//Antigen processing and presentation;ko05332//Graft-versus-host disease;ko04514//Cell adhesion molecules (CAMs);ko05163//Human cytomegalovirus infection;ko04145//Phagosome;ko05170//Human immunodeficiency virus 1 infection;ko04144//Endocytosis;ko05203//Viral carcinogenesis;ko05169//Epstein-Barr virus infection;ko05168//Herpes simplex infection;ko05330//Allograft rejection;ko04218//Cellular senescence;ko04940//Type I diabetes mellitus;ko05416//Viral myocarditis;ko05167//Kaposi sarcoma-associated herpesvirus infection;ko05165//Human papillomavirus infection;ko05166//Human T-cell leukemia virus 1 infection,Infectious diseases: Viral;Cell growth and death;Cancers: Overview;Endocrine and metabolic diseases;Transport and catabolism;Cardiovascular diseases;Immune diseases;Signaling molecules and interaction;Immune system,Human Diseases;Environmental Information Processing;Cellular Processes;Organismal Systems,HLA-A
3108,ko05166//Human T-cell leukemia virus 1 infection;ko04514//Cell adhesion molecules (CAMs);ko05168//Herpes simplex infection;ko05323//Rheumatoid arthritis;ko04612//Antigen processing and presentation;ko04640//Hematopoietic cell lineage;ko04659//Th17 cell differentiation;ko05140//Leishmaniasis;ko05145//Toxoplasmosis;ko05150//Staphylococcus aureus infection;ko05330//Allograft rejection;ko05152//Tuberculosis;ko05416//Viral myocarditis;ko05169//Epstein-Barr virus infection;ko04940//Type I diabetes mellitus;ko05320//Autoimmune thyroid disease;ko05322//Systemic lupus erythematosus;ko05310//Asthma;ko04658//Th1 and Th2 cell differentiation;ko05332//Graft-versus-host disease;ko05321//Inflammatory bowel disease (IBD);ko05164//Influenza A;ko04145//Phagosome;ko04672//Intestinal immune network for IgA production,Transport and catabolism;Infectious diseases: Viral;Cardiovascular diseases;Infectious diseases: Parasitic;Immune system;Infectious diseases: Bacterial;Immune diseases;Signaling molecules and interaction;Endocrine and metabolic diseases,Cellular Processes;Organismal Systems;Environmental Information Processing;Human Diseases,HLA-DMA
3133,ko05170//Human immunodeficiency virus 1 infection;ko05416//Viral myocarditis;ko04514//Cell adhesion molecules (CAMs);ko05166//Human T-cell leukemia virus 1 infection;ko05167//Kaposi sarcoma-associated herpesvirus infection;ko04218//Cellular senescence;ko04145//Phagosome;ko05320//Autoimmune thyroid disease;ko05168//Herpes simplex infection;ko04940//Type I diabetes mellitus;ko05163//Human cytomegalovirus infection;ko05332//Graft-versus-host disease;ko04612//Antigen processing and presentation;ko05165//Human papillomavirus infection;ko05330//Allograft rejection;ko04144//Endocytosis;ko05203//Viral carcinogenesis;ko05169//Epstein-Barr virus infection,Immune system;Endocrine and metabolic diseases;Cardiovascular diseases;Infectious diseases: Viral;Cancers: Overview;Cell growth and death;Transport and catabolism;Signaling molecules and interaction;Immune diseases,Environmental Information Processing;Human Diseases;Cellular Processes;Organismal Systems,HLA-E
3134,ko05165//Human papillomavirus infection;ko04218//Cellular senescence;ko05167//Kaposi sarcoma-associated herpesvirus infection;ko05163//Human cytomegalovirus infection;ko04940//Type I diabetes mellitus;ko05330//Allograft rejection;ko05320//Autoimmune thyroid disease;ko05416//Viral myocarditis;ko04145//Phagosome;ko04514//Cell adhesion molecules (CAMs);ko05203//Viral carcinogenesis;ko04144//Endocytosis;ko05332//Graft-versus-host disease;ko04612//Antigen processing and presentation;ko05168//Herpes simplex infection;ko05170//Human immunodeficiency virus 1 infection;ko05169//Epstein-Barr virus infection;ko05166//Human T-cell leukemia virus 1 infection,Infectious diseases: Viral;Signaling molecules and interaction;Cell growth and death;Cardiovascular diseases;Cancers: Overview;Immune diseases;Immune system;Endocrine and metabolic diseases;Transport and catabolism,Environmental Information Processing;Human Diseases;Cellular Processes;Organismal Systems,HLA-F
3383,ko04064//NF-kappa B signaling pathway;ko05169//Epstein-Barr virus infection;ko05143//African trypanosomiasis;ko05418//Fluid shear stress and atherosclerosis;ko05166//Human T-cell leukemia virus 1 infection;ko04933//AGE-RAGE signaling pathway in diabetic complications;ko05323//Rheumatoid arthritis;ko05416//Viral myocarditis;ko04514//Cell adhesion molecules (CAMs);ko04670//Leukocyte transendothelial migration;ko05144//Malaria;ko04650//Natural killer cell mediated cytotoxicity;ko05167//Kaposi sarcoma-associated herpesvirus infection;ko05164//Influenza A;ko05150//Staphylococcus aureus infection;ko04668//TNF signaling pathway,Infectious diseases: Parasitic;Immune system;Signaling molecules and interaction;Endocrine and metabolic diseases;Signal transduction;Infectious diseases: Viral;Cardiovascular diseases;Immune diseases;Infectious diseases: Bacterial,Human Diseases;Organismal Systems;Environmental Information Processing,ICAM1
3384,ko04650//Natural killer cell mediated cytotoxicity;ko04514//Cell adhesion molecules (CAMs),Immune system;Signaling molecules and interaction,Environmental Information Processing;Organismal Systems,ICAM2
3479,ko04066//HIF-1 signaling pathway;ko04015//Rap1 signaling pathway;ko04114//Oocyte meiosis;ko04211//Longevity regulating pathway;ko04068//FoxO signaling pathway;ko05214//Glioma;ko05202//Transcriptional misregulation in cancer;ko05215//Prostate cancer;ko04960//Aldosterone-regulated sodium reabsorption;ko05200//Pathways in cancer;ko05205//Proteoglycans in cancer;ko04213//Longevity regulating pathway - multiple species;ko04510//Focal adhesion;ko04550//Signaling pathways regulating pluripotency of stem cells;ko04913//Ovarian steroidogenesis;ko04152//AMPK signaling pathway;ko05410//Hypertrophic cardiomyopathy (HCM);ko01522//Endocrine resistance;ko04750//Inflammatory mediator regulation of TRP channels;ko01521//EGFR tyrosine kinase inhibitor resistance;ko04115//p53 signaling pathway;ko05414//Dilated cardiomyopathy (DCM);ko04914//Progesterone-mediated oocyte maturation;ko04014//Ras signaling pathway;ko05224//Breast cancer;ko04730//Long-term depression;ko04010//MAPK signaling pathway;ko04150//mTOR signaling pathway;ko05218//Melanoma;ko04151//PI3K-Akt signaling pathway,Signal transduction;Cancers: Overview;Cell growth and death;Endocrine system;Excretory system;Nervous system;Sensory system;Cancers: Specific types;Cellular community - eukaryotes;Cardiovascular diseases;Aging;Drug resistance: Antineoplastic,Human Diseases;Environmental Information Processing;Organismal Systems;Cellular Processes,IGF1
3481,ko04151//PI3K-Akt signaling pathway;ko05205//Proteoglycans in cancer;ko04010//MAPK signaling pathway;ko05200//Pathways in cancer;ko04014//Ras signaling pathway;ko05225//Hepatocellular carcinoma,Signal transduction;Cancers: Overview;Cancers: Specific types,Human Diseases;Environmental Information Processing,IGF2
3557,ko04060//Cytokine-cytokine receptor interaction,Signaling molecules and interaction,Environmental Information Processing,IL1RN
3561,ko04144//Endocytosis;ko04151//PI3K-Akt signaling pathway;ko04659//Th17 cell differentiation;ko05166//Human T-cell leukemia virus 1 infection;ko05340//Primary immunodeficiency;ko04060//Cytokine-cytokine receptor interaction;ko05200//Pathways in cancer;ko05321//Inflammatory bowel disease (IBD);ko04658//Th1 and Th2 cell differentiation;ko04630//Jak-STAT signaling pathway;ko05162//Measles,Immune diseases;Immune system;Signal transduction;Signaling molecules and interaction;Infectious diseases: Viral;Transport and catabolism;Cancers: Overview,Organismal Systems;Human Diseases;Cellular Processes;Environmental Information Processing,IL2RG
3563,ko04630//Jak-STAT signaling pathway;ko04210//Apoptosis;ko04640//Hematopoietic cell lineage;ko04060//Cytokine-cytokine receptor interaction;ko05200//Pathways in cancer;ko04151//PI3K-Akt signaling pathway,Cell growth and death;Signal transduction;Signaling molecules and interaction;Cancers: Overview;Immune system,Environmental Information Processing;Human Diseases;Cellular Processes;Organismal Systems,IL3RA
3574,ko04151//PI3K-Akt signaling pathway;ko04630//Jak-STAT signaling pathway;ko05200//Pathways in cancer;ko04640//Hematopoietic cell lineage;ko04060//Cytokine-cytokine receptor interaction,Cancers: Overview;Signal transduction;Immune system;Signaling molecules and interaction,Environmental Information Processing;Human Diseases;Organismal Systems,IL7
3600,ko04060//Cytokine-cytokine receptor interaction;ko05200//Pathways in cancer;ko05323//Rheumatoid arthritis;ko05166//Human T-cell leukemia virus 1 infection;ko04672//Intestinal immune network for IgA production;ko04630//Jak-STAT signaling pathway;ko04668//TNF signaling pathway;ko05168//Herpes simplex infection,Immune system;Immune diseases;Signaling molecules and interaction;Cancers: Overview;Signal transduction;Infectious diseases: Viral,Human Diseases;Organismal Systems;Environmental Information Processing,IL15
3601,ko04060//Cytokine-cytokine receptor interaction;ko04630//Jak-STAT signaling pathway;ko05166//Human T-cell leukemia virus 1 infection;ko04672//Intestinal immune network for IgA production;ko05200//Pathways in cancer,Immune system;Signal transduction;Cancers: Overview;Signaling molecules and interaction;Infectious diseases: Viral,Environmental Information Processing;Human Diseases;Organismal Systems,IL15RA
3603,ko04060//Cytokine-cytokine receptor interaction,Signaling molecules and interaction,Environmental Information Processing,IL16
3627,ko04623//Cytosolic DNA-sensing pathway;ko05164//Influenza A;ko04062//Chemokine signaling pathway;ko05160//Hepatitis C;ko04657//IL-17 signaling pathway;ko04622//RIG-I-like receptor signaling pathway;ko04668//TNF signaling pathway;ko04060//Cytokine-cytokine receptor interaction;ko04620//Toll-like receptor signaling pathway;ko05169//Epstein-Barr virus infection,Infectious diseases: Viral;Signal transduction;Immune system;Signaling molecules and interaction,Environmental Information Processing;Organismal Systems;Human Diseases,CXCL10
3696,ko04151//PI3K-Akt signaling pathway;ko05165//Human papillomavirus infection;ko04810//Regulation of actin cytoskeleton;ko05410//Hypertrophic cardiomyopathy (HCM);ko04512//ECM-receptor interaction;ko04510//Focal adhesion;ko04514//Cell adhesion molecules (CAMs);ko05412//Arrhythmogenic right ventricular cardiomyopathy (ARVC);ko05414//Dilated cardiomyopathy (DCM),Infectious diseases: Viral;Signaling molecules and interaction;Cardiovascular diseases;Cellular community - eukaryotes;Signal transduction;Cell motility,Environmental Information Processing;Human Diseases;Cellular Processes,ITGB8
3709,"ko04723//Retrograde endocannabinoid signaling;ko04972//Pancreatic secretion;ko04925//Aldosterone synthesis and secretion;ko04728//Dopaminergic synapse;ko04927//Cortisol synthesis and secretion;ko04625//C-type lectin receptor signaling pathway;ko05163//Human cytomegalovirus infection;ko04540//Gap junction;ko04971//Gastric acid secretion;ko04270//Vascular smooth muscle contraction;ko04726//Serotonergic synapse;ko04114//Oocyte meiosis;ko04730//Long-term depression;ko04928//Parathyroid hormone synthesis, secretion and action;ko05170//Human immunodeficiency virus 1 infection;ko04934//Cushing syndrome;ko04970//Salivary secretion;ko04724//Glutamatergic synapse;ko04020//Calcium signaling pathway;ko04725//Cholinergic synapse;ko04922//Glucagon signaling pathway;ko04750//Inflammatory mediator regulation of TRP channels;ko04912//GnRH signaling pathway;ko04210//Apoptosis;ko04720//Long-term potentiation;ko05205//Proteoglycans in cancer;ko05167//Kaposi sarcoma-associated herpesvirus infection;ko05010//Alzheimer disease;ko04924//Renin secretion;ko04611//Platelet activation;ko04022//cGMP-PKG signaling pathway;ko04918//Thyroid hormone synthesis;ko04921//Oxytocin signaling pathway;ko04371//Apelin signaling pathway;ko04070//Phosphatidylinositol signaling system;ko04915//Estrogen signaling pathway;ko04621//NOD-like receptor signaling pathway;ko04218//Cellular senescence",Cancers: Overview;Circulatory system;Digestive system;Neurodegenerative diseases;Immune system;Nervous system;Sensory system;Endocrine system;Infectious diseases: Viral;Cellular community - eukaryotes;Signal transduction;Endocrine and metabolic diseases;Cell growth and death,Cellular Processes;Organismal Systems;Environmental Information Processing;Human Diseases,ITPR2
3791,ko05418//Fluid shear stress and atherosclerosis;ko04010//MAPK signaling pathway;ko01521//EGFR tyrosine kinase inhibitor resistance;ko05205//Proteoglycans in cancer;ko04370//VEGF signaling pathway;ko04510//Focal adhesion;ko04015//Rap1 signaling pathway;ko04151//PI3K-Akt signaling pathway;ko04014//Ras signaling pathway,Cancers: Overview;Drug resistance: Antineoplastic;Cardiovascular diseases;Signal transduction;Cellular community - eukaryotes,Environmental Information Processing;Cellular Processes;Human Diseases,KDR
388372,ko04060//Cytokine-cytokine receptor interaction;ko04062//Chemokine signaling pathway;ko04623//Cytosolic DNA-sensing pathway;ko04620//Toll-like receptor signaling pathway;ko05132//Salmonella infection;ko05163//Human cytomegalovirus infection;ko04064//NF-kappa B signaling pathway,Infectious diseases: Viral;Infectious diseases: Bacterial;Signal transduction;Immune system;Signaling molecules and interaction,Environmental Information Processing;Organismal Systems;Human Diseases,CCL4L1
394,ko04510//Focal adhesion;ko04670//Leukocyte transendothelial migration,Immune system;Cellular community - eukaryotes,Organismal Systems;Cellular Processes,ARHGAP5
3953,ko04080//Neuroactive ligand-receptor interaction;ko04920//Adipocytokine signaling pathway;ko04152//AMPK signaling pathway;ko04630//Jak-STAT signaling pathway;ko04060//Cytokine-cytokine receptor interaction;ko04932//Non-alcoholic fatty liver disease (NAFLD),Endocrine system;Signaling molecules and interaction;Signal transduction;Endocrine and metabolic diseases,Environmental Information Processing;Human Diseases;Organismal Systems,LEPR
3993,ko04530//Tight junction;ko05165//Human papillomavirus infection;ko04390//Hippo signaling pathway;ko04391//Hippo signaling pathway - fly,Cellular community - eukaryotes;Signal transduction;Infectious diseases: Viral,Cellular Processes;Environmental Information Processing;Human Diseases,LLGL2
399694,ko04510//Focal adhesion;ko05034//Alcoholism;ko04062//Chemokine signaling pathway;ko04910//Insulin signaling pathway;ko01522//Endocrine resistance;ko04917//Prolactin signaling pathway;ko05220//Chronic myeloid leukemia;ko04014//Ras signaling pathway;ko05226//Gastric cancer;ko04012//ErbB signaling pathway;ko04072//Phospholipase D signaling pathway;ko04650//Natural killer cell mediated cytotoxicity;ko05224//Breast cancer;ko04926//Relaxin signaling pathway;ko01521//EGFR tyrosine kinase inhibitor resistance;ko05225//Hepatocellular carcinoma;ko05214//Glioma;ko04915//Estrogen signaling pathway;ko05206//MicroRNAs in cancer;ko05100//Bacterial invasion of epithelial cells;ko04722//Neurotrophin signaling pathway,Cancers: Specific types;Substance dependence;Cancers: Overview;Endocrine system;Signal transduction;Nervous system;Cellular community - eukaryotes;Drug resistance: Antineoplastic;Infectious diseases: Bacterial;Immune system,Environmental Information Processing;Organismal Systems;Human Diseases;Cellular Processes,SHC4
4033,ko04022//cGMP-PKG signaling pathway;ko04270//Vascular smooth muscle contraction,Circulatory system;Signal transduction,Environmental Information Processing;Organismal Systems,LRMP
4050,ko05323//Rheumatoid arthritis;ko04064//NF-kappa B signaling pathway;ko04060//Cytokine-cytokine receptor interaction,Signaling molecules and interaction;Immune diseases;Signal transduction,Environmental Information Processing;Human Diseases,LTB
4208,"ko04010//MAPK signaling pathway;ko04371//Apelin signaling pathway;ko04921//Oxytocin signaling pathway;ko04022//cGMP-PKG signaling pathway;ko05418//Fluid shear stress and atherosclerosis;ko05202//Transcriptional misregulation in cancer;ko04928//Parathyroid hormone synthesis, secretion and action",Endocrine system;Cardiovascular diseases;Signal transduction;Cancers: Overview,Environmental Information Processing;Human Diseases;Organismal Systems,MEF2C
4267,ko04514//Cell adhesion molecules (CAMs);ko04670//Leukocyte transendothelial migration,Signaling molecules and interaction;Immune system,Organismal Systems;Environmental Information Processing,CD99
4313,ko04933//AGE-RAGE signaling pathway in diabetic complications;ko01522//Endocrine resistance;ko04912//GnRH signaling pathway;ko05200//Pathways in cancer;ko05219//Bladder cancer;ko04926//Relaxin signaling pathway;ko04670//Leukocyte transendothelial migration;ko04915//Estrogen signaling pathway;ko05205//Proteoglycans in cancer;ko05418//Fluid shear stress and atherosclerosis,Immune system;Endocrine and metabolic diseases;Cancers: Overview;Cancers: Specific types;Cardiovascular diseases;Endocrine system;Drug resistance: Antineoplastic,Human Diseases;Organismal Systems,MMP2
4629,ko04530//Tight junction,Cellular community - eukaryotes,Cellular Processes,MYH11
4638,ko04371//Apelin signaling pathway;ko04022//cGMP-PKG signaling pathway;ko04810//Regulation of actin cytoskeleton;ko04921//Oxytocin signaling pathway;ko04971//Gastric acid secretion;ko04270//Vascular smooth muscle contraction;ko04510//Focal adhesion;ko04611//Platelet activation;ko04020//Calcium signaling pathway,Cell motility;Signal transduction;Digestive system;Cellular community - eukaryotes;Circulatory system;Endocrine system;Immune system,Organismal Systems;Cellular Processes;Environmental Information Processing,MYLK
4689,ko05140//Leishmaniasis;ko04380//Osteoclast differentiation;ko04145//Phagosome;ko04670//Leukocyte transendothelial migration,Infectious diseases: Parasitic;Development;Immune system;Transport and catabolism,Cellular Processes;Organismal Systems;Human Diseases,NCF4
476,ko04970//Salivary secretion;ko04911//Insulin secretion;ko04978//Mineral absorption;ko04964//Proximal tubule bicarbonate reclamation;ko04961//Endocrine and other factor-regulated calcium reabsorption;ko04976//Bile secretion;ko04973//Carbohydrate digestion and absorption;ko04925//Aldosterone synthesis and secretion;ko04971//Gastric acid secretion;ko04974//Protein digestion and absorption;ko04918//Thyroid hormone synthesis;ko04022//cGMP-PKG signaling pathway;ko04919//Thyroid hormone signaling pathway;ko04260//Cardiac muscle contraction;ko04024//cAMP signaling pathway;ko04960//Aldosterone-regulated sodium reabsorption;ko04972//Pancreatic secretion;ko04261//Adrenergic signaling in cardiomyocytes,Digestive system;Signal transduction;Excretory system;Endocrine system;Circulatory system,Organismal Systems;Environmental Information Processing,ATP1A1
481,ko04024//cAMP signaling pathway;ko04919//Thyroid hormone signaling pathway;ko04260//Cardiac muscle contraction;ko04911//Insulin secretion;ko04960//Aldosterone-regulated sodium reabsorption;ko04022//cGMP-PKG signaling pathway;ko04971//Gastric acid secretion;ko04978//Mineral absorption;ko04918//Thyroid hormone synthesis;ko04974//Protein digestion and absorption;ko04961//Endocrine and other factor-regulated calcium reabsorption;ko04261//Adrenergic signaling in cardiomyocytes;ko04972//Pancreatic secretion;ko04964//Proximal tubule bicarbonate reclamation;ko04973//Carbohydrate digestion and absorption;ko04970//Salivary secretion;ko04925//Aldosterone synthesis and secretion;ko04976//Bile secretion,Endocrine system;Digestive system;Signal transduction;Circulatory system;Excretory system,Organismal Systems;Environmental Information Processing,ATP1B1
482,ko04978//Mineral absorption;ko04925//Aldosterone synthesis and secretion;ko04964//Proximal tubule bicarbonate reclamation;ko04022//cGMP-PKG signaling pathway;ko04972//Pancreatic secretion;ko04976//Bile secretion;ko04974//Protein digestion and absorption;ko04260//Cardiac muscle contraction;ko04024//cAMP signaling pathway;ko04261//Adrenergic signaling in cardiomyocytes;ko04960//Aldosterone-regulated sodium reabsorption;ko04918//Thyroid hormone synthesis;ko04970//Salivary secretion;ko04973//Carbohydrate digestion and absorption;ko04971//Gastric acid secretion;ko04911//Insulin secretion;ko04919//Thyroid hormone signaling pathway;ko04961//Endocrine and other factor-regulated calcium reabsorption,Endocrine system;Signal transduction;Circulatory system;Excretory system;Digestive system,Organismal Systems;Environmental Information Processing,ATP1B2
4886,ko04923//Regulation of lipolysis in adipocytes;ko04024//cAMP signaling pathway;ko04080//Neuroactive ligand-receptor interaction,Signal transduction;Endocrine system;Signaling molecules and interaction,Organismal Systems;Environmental Information Processing,NPY1R
489,ko04020//Calcium signaling pathway;ko04022//cGMP-PKG signaling pathway;ko04972//Pancreatic secretion;ko05010//Alzheimer disease,Digestive system;Neurodegenerative diseases;Signal transduction,Human Diseases;Organismal Systems;Environmental Information Processing,ATP2A3
493869,ko04918//Thyroid hormone synthesis;ko00590//Arachidonic acid metabolism;ko00480//Glutathione metabolism,Endocrine system;Lipid metabolism;Metabolism of other amino acids,Metabolism;Organismal Systems,GPX8
5010,ko04670//Leukocyte transendothelial migration;ko04530//Tight junction;ko04514//Cell adhesion molecules (CAMs);ko05160//Hepatitis C,Immune system;Signaling molecules and interaction;Cellular community - eukaryotes;Infectious diseases: Viral,Environmental Information Processing;Human Diseases;Organismal Systems;Cellular Processes,CLDN11
5138,ko04022//cGMP-PKG signaling pathway;ko00230//Purine metabolism;ko04925//Aldosterone synthesis and secretion;ko04740//Olfactory transduction;ko05032//Morphine addiction,Endocrine system;Nucleotide metabolism;Sensory system;Substance dependence;Signal transduction,Human Diseases;Organismal Systems;Metabolism;Environmental Information Processing,PDE2A
51466,ko04810//Regulation of actin cytoskeleton;ko04015//Rap1 signaling pathway;ko04510//Focal adhesion;ko04666//Fc gamma R-mediated phagocytosis;ko04611//Platelet activation;ko04670//Leukocyte transendothelial migration;ko04530//Tight junction;ko04360//Axon guidance;ko04022//cGMP-PKG signaling pathway,Cellular community - eukaryotes;Development;Signal transduction;Cell motility;Immune system,Cellular Processes;Environmental Information Processing;Organismal Systems,EVL
51554,ko04060//Cytokine-cytokine receptor interaction,Signaling molecules and interaction,Environmental Information Processing,ACKR4
5156,ko05230//Central carbon metabolism in cancer;ko04151//PI3K-Akt signaling pathway;ko05163//Human cytomegalovirus infection;ko04630//Jak-STAT signaling pathway;ko04010//MAPK signaling pathway;ko04014//Ras signaling pathway;ko05206//MicroRNAs in cancer;ko04015//Rap1 signaling pathway;ko01521//EGFR tyrosine kinase inhibitor resistance;ko05215//Prostate cancer;ko05200//Pathways in cancer;ko04020//Calcium signaling pathway;ko05214//Glioma;ko04540//Gap junction;ko04510//Focal adhesion;ko05218//Melanoma;ko04810//Regulation of actin cytoskeleton;ko04072//Phospholipase D signaling pathway;ko04144//Endocytosis;ko05231//Choline metabolism in cancer,Cancers: Specific types;Signal transduction;Cellular community - eukaryotes;Cell motility;Transport and catabolism;Infectious diseases: Viral;Cancers: Overview;Drug resistance: Antineoplastic,Cellular Processes;Environmental Information Processing;Human Diseases,PDGFRA
5157,ko04510//Focal adhesion;ko04370//VEGF signaling pathway;ko01521//EGFR tyrosine kinase inhibitor resistance;ko04015//Rap1 signaling pathway;ko04151//PI3K-Akt signaling pathway;ko04010//MAPK signaling pathway;ko05205//Proteoglycans in cancer;ko04014//Ras signaling pathway;ko05418//Fluid shear stress and atherosclerosis,Cardiovascular diseases;Cellular community - eukaryotes;Signal transduction;Drug resistance: Antineoplastic;Cancers: Overview,Human Diseases;Environmental Information Processing;Cellular Processes,PDGFRL
5175,ko05144//Malaria;ko04670//Leukocyte transendothelial migration;ko05418//Fluid shear stress and atherosclerosis;ko04514//Cell adhesion molecules (CAMs),Infectious diseases: Parasitic;Signaling molecules and interaction;Immune system;Cardiovascular diseases,Human Diseases;Environmental Information Processing;Organismal Systems,PECAM1
5217,ko04013//MAPK signaling pathway - fly;ko05131//Shigellosis;ko05132//Salmonella infection;ko04015//Rap1 signaling pathway;ko04810//Regulation of actin cytoskeleton,Cell motility;Infectious diseases: Bacterial;Signal transduction,Human Diseases;Cellular Processes;Environmental Information Processing,PFN2
5228,ko04015//Rap1 signaling pathway;ko04014//Ras signaling pathway;ko04151//PI3K-Akt signaling pathway;ko04010//MAPK signaling pathway;ko05200//Pathways in cancer;ko04510//Focal adhesion,Cancers: Overview;Signal transduction;Cellular community - eukaryotes,Cellular Processes;Human Diseases;Environmental Information Processing,PGF
5295,ko04218//Cellular senescence;ko04722//Neurotrophin signaling pathway;ko04923//Regulation of lipolysis in adipocytes;ko05200//Pathways in cancer;ko05218//Melanoma;ko04664//Fc epsilon RI signaling pathway;ko05163//Human cytomegalovirus infection;ko05169//Epstein-Barr virus infection;ko04910//Insulin signaling pathway;ko05215//Prostate cancer;ko04919//Thyroid hormone signaling pathway;ko05160//Hepatitis C;ko04973//Carbohydrate digestion and absorption;ko04210//Apoptosis;ko04611//Platelet activation;ko04390//Hippo signaling pathway;ko04630//Jak-STAT signaling pathway;ko05226//Gastric cancer;ko05231//Choline metabolism in cancer;ko04550//Signaling pathways regulating pluripotency of stem cells;ko04933//AGE-RAGE signaling pathway in diabetic complications;ko04360//Axon guidance;ko04934//Cushing syndrome;ko04213//Longevity regulating pathway - multiple species;ko05146//Amoebiasis;ko04380//Osteoclast differentiation;ko05213//Endometrial cancer;ko05100//Bacterial invasion of epithelial cells;ko05220//Chronic myeloid leukemia;ko04140//Autophagy - animal;ko04510//Focal adhesion;ko04211//Longevity regulating pathway;ko04660//T cell receptor signaling pathway;ko05203//Viral carcinogenesis;ko04666//Fc gamma R-mediated phagocytosis;ko04071//Sphingolipid signaling pathway;ko05142//Chagas disease (American trypanosomiasis);ko04926//Relaxin signaling pathway;ko01521//EGFR tyrosine kinase inhibitor resistance;ko04014//Ras signaling pathway;ko04930//Type II diabetes mellitus;ko05167//Kaposi sarcoma-associated herpesvirus infection;ko05223//Non-small cell lung cancer;ko04932//Non-alcoholic fatty liver disease (NAFLD);ko04310//Wnt signaling pathway;ko04960//Aldosterone-regulated sodium reabsorption;ko04650//Natural killer cell mediated cytotoxicity;ko05212//Pancreatic cancer;ko05170//Human immunodeficiency virus 1 infection;ko05217//Basal cell carcinoma;ko04668//TNF signaling pathway;ko05211//Renal cell carcinoma;ko04062//Chemokine signaling pathway;ko05221//Acute myeloid leukemia;ko04152//AMPK signaling pathway;ko04662//B cell receptor signaling pathway;ko04917//Prolactin signaling pathway;ko04068//FoxO signaling pathway;ko04620//Toll-like receptor signaling pathway;ko05224//Breast cancer;ko04066//HIF-1 signaling pathway;ko05161//Hepatitis B;ko04151//PI3K-Akt signaling pathway;ko04072//Phospholipase D signaling pathway;ko04916//Melanogenesis;ko05230//Central carbon metabolism in cancer;ko04370//VEGF signaling pathway;ko04725//Cholinergic synapse;ko04070//Phosphatidylinositol signaling system;ko04015//Rap1 signaling pathway;ko01524//Platinum drug resistance;ko01522//Endocrine resistance;ko05210//Colorectal cancer;ko05166//Human T-cell leukemia virus 1 infection;ko04915//Estrogen signaling pathway;ko04670//Leukocyte transendothelial migration;ko05164//Influenza A;ko04810//Regulation of actin cytoskeleton;ko05165//Human papillomavirus infection;ko05162//Measles;ko04024//cAMP signaling pathway;ko05225//Hepatocellular carcinoma;ko05222//Small cell lung cancer;ko04625//C-type lectin receptor signaling pathway;ko05205//Proteoglycans in cancer;ko04012//ErbB signaling pathway;ko04150//mTOR signaling pathway;ko04750//Inflammatory mediator regulation of TRP channels;ko04931//Insulin resistance;ko05418//Fluid shear stress and atherosclerosis;ko05214//Glioma;ko04914//Progesterone-mediated oocyte maturation,Cancers: Specific types;Nervous system;Cell motility;Cardiovascular diseases;Signal transduction;Infectious diseases: Parasitic;Infectious diseases: Viral;Excretory system;Cancers: Overview;Endocrine and metabolic diseases;Drug resistance: Antineoplastic;Cell growth and death;Digestive system;Aging;Sensory system;Endocrine system;Transport and catabolism;Cellular community - eukaryotes;Infectious diseases: Bacterial;Development;Immune system,Organismal Systems;Environmental Information Processing;Human Diseases;Cellular Processes,PIK3R1
5348,ko04024//cAMP signaling pathway,Signal transduction,Environmental Information Processing,FXYD1
5350,ko04024//cAMP signaling pathway;ko04020//Calcium signaling pathway;ko04261//Adrenergic signaling in cardiomyocytes;ko04919//Thyroid hormone signaling pathway;ko04022//cGMP-PKG signaling pathway;ko05414//Dilated cardiomyopathy (DCM),Signal transduction;Endocrine system;Cardiovascular diseases;Circulatory system,Environmental Information Processing;Human Diseases;Organismal Systems,PLN
54331,ko04926//Relaxin signaling pathway;ko04371//Apelin signaling pathway;ko05034//Alcoholism;ko04727//GABAergic synapse;ko04062//Chemokine signaling pathway;ko04724//Glutamatergic synapse;ko05200//Pathways in cancer;ko04151//PI3K-Akt signaling pathway;ko05163//Human cytomegalovirus infection;ko04728//Dopaminergic synapse;ko05170//Human immunodeficiency virus 1 infection;ko05032//Morphine addiction;ko04725//Cholinergic synapse;ko04726//Serotonergic synapse;ko04713//Circadian entrainment;ko04723//Retrograde endocannabinoid signaling;ko05167//Kaposi sarcoma-associated herpesvirus infection;ko04014//Ras signaling pathway,Substance dependence;Cancers: Overview;Nervous system;Immune system;Infectious diseases: Viral;Signal transduction;Environmental adaptation;Endocrine system,Human Diseases;Environmental Information Processing;Organismal Systems,GNG2
55365,ko04022//cGMP-PKG signaling pathway;ko04972//Pancreatic secretion;ko04020//Calcium signaling pathway;ko05010//Alzheimer disease,Signal transduction;Neurodegenerative diseases;Digestive system,Human Diseases;Organismal Systems;Environmental Information Processing,TMEM176A
55540,ko04657//IL-17 signaling pathway;ko04060//Cytokine-cytokine receptor interaction,Signaling molecules and interaction;Immune system,Organismal Systems;Environmental Information Processing,IL17RB
5567,"ko04310//Wnt signaling pathway;ko04213//Longevity regulating pathway - multiple species;ko04024//cAMP signaling pathway;ko05110//Vibrio cholerae infection;ko05030//Cocaine addiction;ko04971//Gastric acid secretion;ko04927//Cortisol synthesis and secretion;ko05414//Dilated cardiomyopathy (DCM);ko04713//Circadian entrainment;ko04725//Cholinergic synapse;ko04934//Cushing syndrome;ko04928//Parathyroid hormone synthesis, secretion and action;ko05200//Pathways in cancer;ko04918//Thyroid hormone synthesis;ko04340//Hedgehog signaling pathway;ko04916//Melanogenesis;ko05163//Human cytomegalovirus infection;ko04913//Ovarian steroidogenesis;ko04740//Olfactory transduction;ko04114//Oocyte meiosis;ko05032//Morphine addiction;ko04723//Retrograde endocannabinoid signaling;ko04742//Taste transduction;ko04750//Inflammatory mediator regulation of TRP channels;ko04611//Platelet activation;ko05205//Proteoglycans in cancer;ko05031//Amphetamine addiction;ko04261//Adrenergic signaling in cardiomyocytes;ko04062//Chemokine signaling pathway;ko04014//Ras signaling pathway;ko04726//Serotonergic synapse;ko04910//Insulin signaling pathway;ko04371//Apelin signaling pathway;ko05203//Viral carcinogenesis;ko04922//Glucagon signaling pathway;ko04270//Vascular smooth muscle contraction;ko04140//Autophagy - animal;ko04923//Regulation of lipolysis in adipocytes;ko04728//Dopaminergic synapse;ko04010//MAPK signaling pathway;ko04727//GABAergic synapse;ko05020//Prion diseases;ko04924//Renin secretion;ko05012//Parkinson disease;ko04540//Gap junction;ko04714//Thermogenesis;ko04020//Calcium signaling pathway;ko04915//Estrogen signaling pathway;ko04926//Relaxin signaling pathway;ko05166//Human T-cell leukemia virus 1 infection;ko04961//Endocrine and other factor-regulated calcium reabsorption;ko04720//Long-term potentiation;ko04921//Oxytocin signaling pathway;ko04919//Thyroid hormone signaling pathway;ko01522//Endocrine resistance;ko04911//Insulin secretion;ko04914//Progesterone-mediated oocyte maturation;ko05146//Amoebiasis;ko05165//Human papillomavirus infection;ko04925//Aldosterone synthesis and secretion;ko04530//Tight junction;ko04912//GnRH signaling pathway;ko04341//Hedgehog signaling pathway - fly;ko04724//Glutamatergic synapse;ko04211//Longevity regulating pathway;ko04962//Vasopressin-regulated water reabsorption;ko04970//Salivary secretion;ko04976//Bile secretion",Cellular community - eukaryotes;Excretory system;Cancers: Overview;Substance dependence;Environmental adaptation;Transport and catabolism;Cell growth and death;Signal transduction;Drug resistance: Antineoplastic;Endocrine system;Infectious diseases: Viral;Infectious diseases: Parasitic;Endocrine and metabolic diseases;Aging;Nervous system;Immune system;Cardiovascular diseases;Sensory system;Infectious diseases: Bacterial;Neurodegenerative diseases;Digestive system;Circulatory system,Cellular Processes;Environmental Information Processing;Organismal Systems;Human Diseases,PRKACB
55679,ko04390//Hippo signaling pathway;ko05205//Proteoglycans in cancer;ko04062//Chemokine signaling pathway;ko04810//Regulation of actin cytoskeleton;ko05170//Human immunodeficiency virus 1 infection;ko04670//Leukocyte transendothelial migration;ko04370//VEGF signaling pathway;ko05100//Bacterial invasion of epithelial cells;ko04360//Axon guidance;ko04392//Hippo signaling pathway - multiple species;ko04510//Focal adhesion;ko05163//Human cytomegalovirus infection;ko04391//Hippo signaling pathway - fly;ko05203//Viral carcinogenesis;ko05165//Human papillomavirus infection,Cellular community - eukaryotes;Development;Cell motility;Infectious diseases: Viral;Infectious diseases: Bacterial;Signal transduction;Cancers: Overview;Immune system,Human Diseases;Organismal Systems;Cellular Processes;Environmental Information Processing,LIMS2
5595,"ko05215//Prostate cancer;ko05219//Bladder cancer;ko05170//Human immunodeficiency virus 1 infection;ko05140//Leishmaniasis;ko04659//Th17 cell differentiation;ko05223//Non-small cell lung cancer;ko05200//Pathways in cancer;ko04650//Natural killer cell mediated cytotoxicity;ko04914//Progesterone-mediated oocyte maturation;ko04910//Insulin signaling pathway;ko04930//Type II diabetes mellitus;ko04960//Aldosterone-regulated sodium reabsorption;ko04012//ErbB signaling pathway;ko04625//C-type lectin receptor signaling pathway;ko05210//Colorectal cancer;ko04218//Cellular senescence;ko05145//Toxoplasmosis;ko04151//PI3K-Akt signaling pathway;ko01522//Endocrine resistance;ko04726//Serotonergic synapse;ko04912//GnRH signaling pathway;ko04540//Gap junction;ko04350//TGF-beta signaling pathway;ko04621//NOD-like receptor signaling pathway;ko04713//Circadian entrainment;ko04730//Long-term depression;ko04611//Platelet activation;ko04371//Apelin signaling pathway;ko04022//cGMP-PKG signaling pathway;ko04662//B cell receptor signaling pathway;ko05034//Alcoholism;ko05220//Chronic myeloid leukemia;ko05224//Breast cancer;ko05164//Influenza A;ko04360//Axon guidance;ko04810//Regulation of actin cytoskeleton;ko04666//Fc gamma R-mediated phagocytosis;ko04510//Focal adhesion;ko04915//Estrogen signaling pathway;ko04270//Vascular smooth muscle contraction;ko04380//Osteoclast differentiation;ko04214//Apoptosis - fly;ko04724//Glutamatergic synapse;ko04320//Dorso-ventral axis formation;ko04114//Oocyte meiosis;ko04723//Retrograde endocannabinoid signaling;ko05216//Thyroid cancer;ko05167//Kaposi sarcoma-associated herpesvirus infection;ko05010//Alzheimer disease;ko05230//Central carbon metabolism in cancer;ko04024//cAMP signaling pathway;ko05163//Human cytomegalovirus infection;ko04520//Adherens junction;ko05231//Choline metabolism in cancer;ko04919//Thyroid hormone signaling pathway;ko04934//Cushing syndrome;ko05226//Gastric cancer;ko05020//Prion diseases;ko04917//Prolactin signaling pathway;ko04015//Rap1 signaling pathway;ko04658//Th1 and Th2 cell differentiation;ko04668//TNF signaling pathway;ko05211//Renal cell carcinoma;ko05161//Hepatitis B;ko04620//Toll-like receptor signaling pathway;ko04210//Apoptosis;ko05205//Proteoglycans in cancer;ko05218//Melanoma;ko01524//Platinum drug resistance;ko04657//IL-17 signaling pathway;ko04140//Autophagy - animal;ko04013//MAPK signaling pathway - fly;ko05132//Salmonella infection;ko04933//AGE-RAGE signaling pathway in diabetic complications;ko04921//Oxytocin signaling pathway;ko01521//EGFR tyrosine kinase inhibitor resistance;ko04916//Melanogenesis;ko04370//VEGF signaling pathway;ko05213//Endometrial cancer;ko05166//Human T-cell leukemia virus 1 infection;ko04722//Neurotrophin signaling pathway;ko05212//Pancreatic cancer;ko04014//Ras signaling pathway;ko04071//Sphingolipid signaling pathway;ko04062//Chemokine signaling pathway;ko04150//mTOR signaling pathway;ko04072//Phospholipase D signaling pathway;ko04068//FoxO signaling pathway;ko05225//Hepatocellular carcinoma;ko04926//Relaxin signaling pathway;ko05133//Pertussis;ko05152//Tuberculosis;ko04066//HIF-1 signaling pathway;ko05142//Chagas disease (American trypanosomiasis);ko04261//Adrenergic signaling in cardiomyocytes;ko05160//Hepatitis C;ko05214//Glioma;ko05165//Human papillomavirus infection;ko05131//Shigellosis;ko04664//Fc epsilon RI signaling pathway;ko04720//Long-term potentiation;ko04660//T cell receptor signaling pathway;ko04010//MAPK signaling pathway;ko05221//Acute myeloid leukemia;ko04550//Signaling pathways regulating pluripotency of stem cells;ko04725//Cholinergic synapse;ko05203//Viral carcinogenesis;ko04928//Parathyroid hormone synthesis, secretion and action",Environmental adaptation;Cellular community - eukaryotes;Endocrine and metabolic diseases;Infectious diseases: Viral;Drug resistance: Antineoplastic;Substance dependence;Cell motility;Endocrine system;Signal transduction;Circulatory system;Cancers: Overview;Excretory system;Immune system;Cancers: Specific types;Transport and catabolism;Development;Nervous system;Infectious diseases: Bacterial;Cell growth and death;Neurodegenerative diseases;Infectious diseases: Parasitic,Human Diseases;Cellular Processes;Organismal Systems;Environmental Information Processing,MAPK3
563,ko04514//Cell adhesion molecules (CAMs);ko05203//Viral carcinogenesis;ko05169//Epstein-Barr virus infection;ko04145//Phagosome;ko05330//Allograft rejection;ko05320//Autoimmune thyroid disease;ko05163//Human cytomegalovirus infection;ko05332//Graft-versus-host disease;ko04144//Endocytosis;ko05170//Human immunodeficiency virus 1 infection;ko05165//Human papillomavirus infection;ko05167//Kaposi sarcoma-associated herpesvirus infection;ko04612//Antigen processing and presentation;ko05416//Viral myocarditis;ko04940//Type I diabetes mellitus;ko05166//Human T-cell leukemia virus 1 infection;ko04218//Cellular senescence;ko05168//Herpes simplex infection,Signaling molecules and interaction;Infectious diseases: Viral;Cardiovascular diseases;Transport and catabolism;Endocrine and metabolic diseases;Immune diseases;Immune system;Cancers: Overview;Cell growth and death,Environmental Information Processing;Human Diseases;Organismal Systems;Cellular Processes,AZGP1
56477,ko04672//Intestinal immune network for IgA production;ko04060//Cytokine-cytokine receptor interaction;ko04062//Chemokine signaling pathway,Immune system;Signaling molecules and interaction,Environmental Information Processing;Organismal Systems,CCL28
57007,ko04060//Cytokine-cytokine receptor interaction,Signaling molecules and interaction,Environmental Information Processing,ACKR3
57180,ko04530//Tight junction,Cellular community - eukaryotes,Cellular Processes,ACTR3B
57480,ko04062//Chemokine signaling pathway;ko04530//Tight junction;ko04015//Rap1 signaling pathway;ko04810//Regulation of actin cytoskeleton;ko04024//cAMP signaling pathway;ko05205//Proteoglycans in cancer;ko04014//Ras signaling pathway,Immune system;Cellular community - eukaryotes;Cell motility;Signal transduction;Cancers: Overview,Human Diseases;Organismal Systems;Cellular Processes;Environmental Information Processing,PLEKHG1
57669,ko04530//Tight junction,Cellular community - eukaryotes,Cellular Processes,EPB41L5
57863,ko04514//Cell adhesion molecules (CAMs);ko05144//Malaria,Signaling molecules and interaction;Infectious diseases: Parasitic,Environmental Information Processing;Human Diseases,CADM3
5792,ko04910//Insulin signaling pathway;ko04520//Adherens junction;ko04931//Insulin resistance;ko04514//Cell adhesion molecules (CAMs),Endocrine system;Cellular community - eukaryotes;Signaling molecules and interaction;Endocrine and metabolic diseases,Human Diseases;Cellular Processes;Organismal Systems;Environmental Information Processing,PTPRF
58494,ko04670//Leukocyte transendothelial migration;ko04530//Tight junction;ko04514//Cell adhesion molecules (CAMs);ko05120//Epithelial cell signaling in Helicobacter pylori infection,Signaling molecules and interaction;Infectious diseases: Bacterial;Immune system;Cellular community - eukaryotes,Environmental Information Processing;Organismal Systems;Cellular Processes;Human Diseases,JAM2
5880,ko04810//Regulation of actin cytoskeleton;ko04062//Chemokine signaling pathway;ko05231//Choline metabolism in cancer;ko04310//Wnt signaling pathway;ko04014//Ras signaling pathway;ko04664//Fc epsilon RI signaling pathway;ko04670//Leukocyte transendothelial migration;ko04370//VEGF signaling pathway;ko04071//Sphingolipid signaling pathway;ko04520//Adherens junction;ko04510//Focal adhesion;ko04010//MAPK signaling pathway;ko04024//cAMP signaling pathway;ko04015//Rap1 signaling pathway;ko05212//Pancreatic cancer;ko05163//Human cytomegalovirus infection;ko05416//Viral myocarditis;ko04666//Fc gamma R-mediated phagocytosis;ko04662//B cell receptor signaling pathway;ko05170//Human immunodeficiency virus 1 infection;ko04650//Natural killer cell mediated cytotoxicity;ko04360//Axon guidance;ko05200//Pathways in cancer;ko05418//Fluid shear stress and atherosclerosis;ko05210//Colorectal cancer,Cellular community - eukaryotes;Infectious diseases: Viral;Immune system;Cancers: Overview;Signal transduction;Cell motility;Development;Cancers: Specific types;Cardiovascular diseases,Environmental Information Processing;Human Diseases;Cellular Processes;Organismal Systems,RAC2
60509,ko04728//Dopaminergic synapse;ko04080//Neuroactive ligand-receptor interaction;ko04024//cAMP signaling pathway;ko04020//Calcium signaling pathway,Signaling molecules and interaction;Nervous system;Signal transduction,Organismal Systems;Environmental Information Processing,AGBL5
6237,ko04137//Mitophagy - animal;ko04140//Autophagy - animal;ko04371//Apelin signaling pathway;ko04010//MAPK signaling pathway;ko04218//Cellular senescence;ko05205//Proteoglycans in cancer;ko04360//Axon guidance;ko04015//Rap1 signaling pathway;ko04024//cAMP signaling pathway;ko04072//Phospholipase D signaling pathway;ko04810//Regulation of actin cytoskeleton;ko04014//Ras signaling pathway;ko04625//C-type lectin receptor signaling pathway,Transport and catabolism;Signal transduction;Cancers: Overview;Immune system;Cell growth and death;Development;Cell motility,Cellular Processes;Human Diseases;Environmental Information Processing;Organismal Systems,RRAS
624,ko04020//Calcium signaling pathway;ko05200//Pathways in cancer;ko05142//Chagas disease (American trypanosomiasis);ko04080//Neuroactive ligand-receptor interaction;ko04750//Inflammatory mediator regulation of TRP channels;ko04961//Endocrine and other factor-regulated calcium reabsorption;ko04022//cGMP-PKG signaling pathway;ko04071//Sphingolipid signaling pathway;ko04810//Regulation of actin cytoskeleton;ko05222//Small cell lung cancer;ko04610//Complement and coagulation cascades,Cancers: Overview;Signaling molecules and interaction;Sensory system;Cancers: Specific types;Immune system;Excretory system;Infectious diseases: Parasitic;Signal transduction;Cell motility,Organismal Systems;Cellular Processes;Environmental Information Processing;Human Diseases,BDKRB2
6347,ko05168//Herpes simplex infection;ko04621//NOD-like receptor signaling pathway;ko05163//Human cytomegalovirus infection;ko05323//Rheumatoid arthritis;ko04657//IL-17 signaling pathway;ko05144//Malaria;ko04060//Cytokine-cytokine receptor interaction;ko05142//Chagas disease (American trypanosomiasis);ko05418//Fluid shear stress and atherosclerosis;ko04933//AGE-RAGE signaling pathway in diabetic complications;ko04668//TNF signaling pathway;ko05164//Influenza A;ko04062//Chemokine signaling pathway,Infectious diseases: Viral;Immune diseases;Endocrine and metabolic diseases;Cardiovascular diseases;Signaling molecules and interaction;Signal transduction;Immune system;Infectious diseases: Parasitic,Human Diseases;Organismal Systems;Environmental Information Processing,CCL2
6348,ko04060//Cytokine-cytokine receptor interaction;ko04062//Chemokine signaling pathway;ko04620//Toll-like receptor signaling pathway;ko05323//Rheumatoid arthritis;ko05142//Chagas disease (American trypanosomiasis);ko05132//Salmonella infection;ko05163//Human cytomegalovirus infection,Infectious diseases: Parasitic;Infectious diseases: Viral;Infectious diseases: Bacterial;Immune system;Immune diseases;Signaling molecules and interaction,Human Diseases;Organismal Systems;Environmental Information Processing,CCL3
6349,ko05163//Human cytomegalovirus infection;ko04060//Cytokine-cytokine receptor interaction;ko05132//Salmonella infection;ko04062//Chemokine signaling pathway;ko05323//Rheumatoid arthritis;ko04620//Toll-like receptor signaling pathway;ko05142//Chagas disease (American trypanosomiasis),Infectious diseases: Bacterial;Immune diseases;Signaling molecules and interaction;Immune system;Infectious diseases: Viral;Infectious diseases: Parasitic,Human Diseases;Environmental Information Processing;Organismal Systems,CCL3L1
6351,ko04060//Cytokine-cytokine receptor interaction;ko05163//Human cytomegalovirus infection;ko04062//Chemokine signaling pathway;ko04064//NF-kappa B signaling pathway;ko05132//Salmonella infection;ko04623//Cytosolic DNA-sensing pathway;ko04620//Toll-like receptor signaling pathway,Signal transduction;Immune system;Infectious diseases: Bacterial;Infectious diseases: Viral;Signaling molecules and interaction,Organismal Systems;Human Diseases;Environmental Information Processing,CCL4
6352,ko04060//Cytokine-cytokine receptor interaction;ko04062//Chemokine signaling pathway;ko04621//NOD-like receptor signaling pathway;ko04623//Cytosolic DNA-sensing pathway;ko05120//Epithelial cell signaling in Helicobacter pylori infection;ko05142//Chagas disease (American trypanosomiasis);ko05020//Prion diseases;ko05168//Herpes simplex infection;ko05164//Influenza A;ko05163//Human cytomegalovirus infection;ko04620//Toll-like receptor signaling pathway;ko04668//TNF signaling pathway;ko05323//Rheumatoid arthritis,Neurodegenerative diseases;Infectious diseases: Viral;Signaling molecules and interaction;Infectious diseases: Parasitic;Immune system;Immune diseases;Signal transduction;Infectious diseases: Bacterial,Organismal Systems;Human Diseases;Environmental Information Processing,CCL5
6355,ko04062//Chemokine signaling pathway;ko04060//Cytokine-cytokine receptor interaction,Immune system;Signaling molecules and interaction,Environmental Information Processing;Organismal Systems,CCL8
6357,ko04064//NF-kappa B signaling pathway;ko04060//Cytokine-cytokine receptor interaction;ko04062//Chemokine signaling pathway,Signaling molecules and interaction;Immune system;Signal transduction,Environmental Information Processing;Organismal Systems,CCL13
6358,ko04060//Cytokine-cytokine receptor interaction;ko04062//Chemokine signaling pathway,Signaling molecules and interaction;Immune system,Environmental Information Processing;Organismal Systems,CCL14
6363,ko04064//NF-kappa B signaling pathway;ko04060//Cytokine-cytokine receptor interaction;ko04062//Chemokine signaling pathway,Signaling molecules and interaction;Signal transduction;Immune system,Organismal Systems;Environmental Information Processing,CCL19
6364,ko04062//Chemokine signaling pathway;ko04657//IL-17 signaling pathway;ko04060//Cytokine-cytokine receptor interaction;ko05323//Rheumatoid arthritis;ko04668//TNF signaling pathway,Immune diseases;Immune system;Signaling molecules and interaction;Signal transduction,Environmental Information Processing;Human Diseases;Organismal Systems,CCL20
6366,ko04064//NF-kappa B signaling pathway;ko04062//Chemokine signaling pathway;ko04060//Cytokine-cytokine receptor interaction,Signal transduction;Immune system;Signaling molecules and interaction,Environmental Information Processing;Organismal Systems,CCL21
6368,ko04060//Cytokine-cytokine receptor interaction;ko04062//Chemokine signaling pathway,Signaling molecules and interaction;Immune system,Organismal Systems;Environmental Information Processing,CCL23
6382,ko05144//Malaria;ko04512//ECM-receptor interaction;ko05418//Fluid shear stress and atherosclerosis;ko05205//Proteoglycans in cancer;ko04514//Cell adhesion molecules (CAMs),Signaling molecules and interaction;Infectious diseases: Parasitic;Cardiovascular diseases;Cancers: Overview,Environmental Information Processing;Human Diseases,SDC1
6385,ko05418//Fluid shear stress and atherosclerosis;ko05205//Proteoglycans in cancer;ko04514//Cell adhesion molecules (CAMs);ko04512//ECM-receptor interaction,Cancers: Overview;Cardiovascular diseases;Signaling molecules and interaction,Human Diseases;Environmental Information Processing,SDC4
6387,ko04060//Cytokine-cytokine receptor interaction;ko05163//Human cytomegalovirus infection;ko04360//Axon guidance;ko04810//Regulation of actin cytoskeleton;ko05200//Pathways in cancer;ko04670//Leukocyte transendothelial migration;ko04672//Intestinal immune network for IgA production;ko04062//Chemokine signaling pathway;ko04064//NF-kappa B signaling pathway;ko05323//Rheumatoid arthritis,Cancers: Overview;Infectious diseases: Viral;Signal transduction;Immune system;Development;Signaling molecules and interaction;Immune diseases;Cell motility,Human Diseases;Organismal Systems;Cellular Processes;Environmental Information Processing,CXCL12
6401,ko05418//Fluid shear stress and atherosclerosis;ko04514//Cell adhesion molecules (CAMs);ko05144//Malaria;ko05143//African trypanosomiasis;ko04668//TNF signaling pathway;ko04933//AGE-RAGE signaling pathway in diabetic complications,Endocrine and metabolic diseases;Signaling molecules and interaction;Infectious diseases: Parasitic;Signal transduction;Cardiovascular diseases,Human Diseases;Environmental Information Processing,SELE
64092,ko04015//Rap1 signaling pathway;ko04722//Neurotrophin signaling pathway;ko05206//MicroRNAs in cancer;ko04666//Fc gamma R-mediated phagocytosis;ko04062//Chemokine signaling pathway;ko04510//Focal adhesion;ko05211//Renal cell carcinoma;ko05100//Bacterial invasion of epithelial cells;ko05170//Human immunodeficiency virus 1 infection;ko04012//ErbB signaling pathway;ko05131//Shigellosis;ko04810//Regulation of actin cytoskeleton;ko05220//Chronic myeloid leukemia;ko05163//Human cytomegalovirus infection;ko05200//Pathways in cancer;ko04010//MAPK signaling pathway;ko04910//Insulin signaling pathway,Nervous system;Endocrine system;Signal transduction;Cancers: Specific types;Infectious diseases: Viral;Infectious diseases: Bacterial;Cellular community - eukaryotes;Cell motility;Immune system;Cancers: Overview,Environmental Information Processing;Human Diseases;Organismal Systems;Cellular Processes,SAMSN1
64094,ko05320//Autoimmune thyroid disease;ko04918//Thyroid hormone synthesis,Immune diseases;Endocrine system,Organismal Systems;Human Diseases,SMOC2
653857,ko04530//Tight junction,Cellular community - eukaryotes,Cellular Processes,ACTR3C
658,ko04013//MAPK signaling pathway - fly;ko04390//Hippo signaling pathway;ko04060//Cytokine-cytokine receptor interaction;ko04550//Signaling pathways regulating pluripotency of stem cells;ko04360//Axon guidance;ko04350//TGF-beta signaling pathway;ko05418//Fluid shear stress and atherosclerosis,Signal transduction;Cellular community - eukaryotes;Development;Signaling molecules and interaction;Cardiovascular diseases,Cellular Processes;Environmental Information Processing;Organismal Systems;Human Diseases,BMPR1B
6653,ko04340//Hedgehog signaling pathway;ko05144//Malaria;ko05010//Alzheimer disease;ko04918//Thyroid hormone synthesis;ko04979//Cholesterol metabolism,Signal transduction;Endocrine system;Infectious diseases: Parasitic;Digestive system;Neurodegenerative diseases,Organismal Systems;Human Diseases;Environmental Information Processing,SORL1
6752,ko04971//Gastric acid secretion;ko04024//cAMP signaling pathway;ko04080//Neuroactive ligand-receptor interaction,Signal transduction;Digestive system;Signaling molecules and interaction,Organismal Systems;Environmental Information Processing,SSTR2
7041,ko05170//Human immunodeficiency virus 1 infection;ko05205//Proteoglycans in cancer;ko04510//Focal adhesion;ko05100//Bacterial invasion of epithelial cells;ko05165//Human papillomavirus infection;ko04062//Chemokine signaling pathway;ko04670//Leukocyte transendothelial migration;ko05163//Human cytomegalovirus infection;ko04810//Regulation of actin cytoskeleton;ko04370//VEGF signaling pathway;ko05203//Viral carcinogenesis,Infectious diseases: Bacterial;Cancers: Overview;Cell motility;Infectious diseases: Viral;Immune system;Cellular community - eukaryotes;Signal transduction,Organismal Systems;Environmental Information Processing;Human Diseases;Cellular Processes,TGFB1I1
7048,ko05202//Transcriptional misregulation in cancer;ko04380//Osteoclast differentiation;ko04144//Endocytosis;ko05225//Hepatocellular carcinoma;ko04926//Relaxin signaling pathway;ko04520//Adherens junction;ko05220//Chronic myeloid leukemia;ko04060//Cytokine-cytokine receptor interaction;ko05161//Hepatitis B;ko04659//Th17 cell differentiation;ko05166//Human T-cell leukemia virus 1 infection;ko04390//Hippo signaling pathway;ko04068//FoxO signaling pathway;ko05226//Gastric cancer;ko04218//Cellular senescence;ko05142//Chagas disease (American trypanosomiasis);ko04010//MAPK signaling pathway;ko04350//TGF-beta signaling pathway;ko04933//AGE-RAGE signaling pathway in diabetic complications;ko05200//Pathways in cancer;ko05212//Pancreatic cancer;ko05210//Colorectal cancer,Infectious diseases: Parasitic;Endocrine and metabolic diseases;Immune system;Cancers: Overview;Cell growth and death;Signal transduction;Cellular community - eukaryotes;Signaling molecules and interaction;Infectious diseases: Viral;Endocrine system;Transport and catabolism;Development;Cancers: Specific types,Cellular Processes;Human Diseases;Organismal Systems;Environmental Information Processing,TGFBR2
7070,ko04670//Leukocyte transendothelial migration,Immune system,Organismal Systems,THY1
7122,ko04670//Leukocyte transendothelial migration;ko05160//Hepatitis C;ko04530//Tight junction;ko04514//Cell adhesion molecules (CAMs),Signaling molecules and interaction;Immune system;Infectious diseases: Viral;Cellular community - eukaryotes,Human Diseases;Organismal Systems;Cellular Processes;Environmental Information Processing,CLDN5
7412,ko05418//Fluid shear stress and atherosclerosis;ko04933//AGE-RAGE signaling pathway in diabetic complications;ko05143//African trypanosomiasis;ko04514//Cell adhesion molecules (CAMs);ko04064//NF-kappa B signaling pathway;ko05144//Malaria;ko04670//Leukocyte transendothelial migration;ko04668//TNF signaling pathway,Immune system;Cardiovascular diseases;Signal transduction;Endocrine and metabolic diseases;Infectious diseases: Parasitic;Signaling molecules and interaction,Human Diseases;Environmental Information Processing;Organismal Systems,VCAM1
7424,ko04014//Ras signaling pathway;ko04933//AGE-RAGE signaling pathway in diabetic complications;ko04926//Relaxin signaling pathway;ko04510//Focal adhesion;ko05200//Pathways in cancer;ko04151//PI3K-Akt signaling pathway;ko04015//Rap1 signaling pathway;ko04010//MAPK signaling pathway,Cancers: Overview;Endocrine and metabolic diseases;Endocrine system;Signal transduction;Cellular community - eukaryotes,Cellular Processes;Organismal Systems;Environmental Information Processing;Human Diseases,VEGFC
79057,ko04024//cAMP signaling pathway;ko04610//Complement and coagulation cascades;ko04740//Olfactory transduction,Sensory system;Signal transduction;Immune system,Environmental Information Processing;Organismal Systems,PRRG3
79140,ko03013//RNA transport;ko04020//Calcium signaling pathway;ko04151//PI3K-Akt signaling pathway;ko04725//Cholinergic synapse;ko04810//Regulation of actin cytoskeleton;ko04080//Neuroactive ligand-receptor interaction;ko04024//cAMP signaling pathway,Nervous system;Signaling molecules and interaction;Cell motility;Signal transduction;Translation,Organismal Systems;Genetic Information Processing;Cellular Processes;Environmental Information Processing,CCDC28B
80310,ko01521//EGFR tyrosine kinase inhibitor resistance;ko04151//PI3K-Akt signaling pathway;ko04810//Regulation of actin cytoskeleton;ko05231//Choline metabolism in cancer;ko04540//Gap junction;ko05215//Prostate cancer;ko04510//Focal adhesion;ko04072//Phospholipase D signaling pathway;ko04014//Ras signaling pathway;ko04015//Rap1 signaling pathway;ko05218//Melanoma;ko04010//MAPK signaling pathway,Cellular community - eukaryotes;Drug resistance: Antineoplastic;Cancers: Specific types;Signal transduction;Cell motility;Cancers: Overview,Environmental Information Processing;Cellular Processes;Human Diseases,PDGFD
80380,ko04514//Cell adhesion molecules (CAMs),Signaling molecules and interaction,Environmental Information Processing,PDCD1LG2
83442,ko04750//Inflammatory mediator regulation of TRP channels;ko04270//Vascular smooth muscle contraction;ko04014//Ras signaling pathway;ko00565//Ether lipid metabolism;ko04726//Serotonergic synapse;ko04611//Platelet activation;ko00592//alpha-Linolenic acid metabolism;ko04724//Glutamatergic synapse;ko04921//Oxytocin signaling pathway;ko04730//Long-term depression;ko04970//Salivary secretion;ko04010//MAPK signaling pathway;ko00564//Glycerophospholipid metabolism;ko04912//GnRH signaling pathway;ko04913//Ovarian steroidogenesis;ko04217//Necroptosis;ko04370//VEGF signaling pathway;ko04664//Fc epsilon RI signaling pathway;ko04072//Phospholipase D signaling pathway;ko05231//Choline metabolism in cancer;ko00591//Linoleic acid metabolism;ko01100//Metabolic pathways;ko00590//Arachidonic acid metabolism,Lipid metabolism;Endocrine system;Immune system;Global and overview maps;Digestive system;Sensory system;Signal transduction;Circulatory system;Cell growth and death;Nervous system;Cancers: Overview,Human Diseases;Metabolism;Environmental Information Processing;Organismal Systems;Cellular Processes,SH3BGRL3
83700,ko04514//Cell adhesion molecules (CAMs);ko05120//Epithelial cell signaling in Helicobacter pylori infection;ko04530//Tight junction;ko04670//Leukocyte transendothelial migration,Immune system;Signaling molecules and interaction;Infectious diseases: Bacterial;Cellular community - eukaryotes,Human Diseases;Cellular Processes;Environmental Information Processing;Organismal Systems,JAM3
84152,ko04024//cAMP signaling pathway;ko05031//Amphetamine addiction;ko05034//Alcoholism;ko04728//Dopaminergic synapse;ko05030//Cocaine addiction,Signal transduction;Substance dependence;Nervous system,Human Diseases;Organismal Systems;Environmental Information Processing,PPP1R1B
845,ko04964//Proximal tubule bicarbonate reclamation;ko04961//Endocrine and other factor-regulated calcium reabsorption;ko04024//cAMP signaling pathway;ko04960//Aldosterone-regulated sodium reabsorption;ko04925//Aldosterone synthesis and secretion;ko04972//Pancreatic secretion;ko04022//cGMP-PKG signaling pathway;ko04978//Mineral absorption;ko04974//Protein digestion and absorption;ko04260//Cardiac muscle contraction;ko04971//Gastric acid secretion;ko04976//Bile secretion;ko04261//Adrenergic signaling in cardiomyocytes;ko04973//Carbohydrate digestion and absorption;ko04970//Salivary secretion;ko04919//Thyroid hormone signaling pathway;ko04911//Insulin secretion;ko04918//Thyroid hormone synthesis,Digestive system;Endocrine system;Excretory system;Signal transduction;Circulatory system,Environmental Information Processing;Organismal Systems,CASQ2
84612,ko04360//Axon guidance;ko04144//Endocytosis;ko04390//Hippo signaling pathway;ko04391//Hippo signaling pathway - fly;ko05165//Human papillomavirus infection;ko04530//Tight junction;ko04015//Rap1 signaling pathway,Infectious diseases: Viral;Cellular community - eukaryotes;Transport and catabolism;Signal transduction;Development,Environmental Information Processing;Human Diseases;Organismal Systems;Cellular Processes,PARD6B
84818,ko04060//Cytokine-cytokine receptor interaction;ko04657//IL-17 signaling pathway,Signaling molecules and interaction;Immune system,Organismal Systems;Environmental Information Processing,IL17RC
84947,ko00190//Oxidative phosphorylation;ko04010//MAPK signaling pathway;ko04270//Vascular smooth muscle contraction;ko04152//AMPK signaling pathway;ko04970//Salivary secretion;ko04020//Calcium signaling pathway;ko04261//Adrenergic signaling in cardiomyocytes;ko04022//cGMP-PKG signaling pathway;ko04080//Neuroactive ligand-receptor interaction,Signal transduction;Circulatory system;Energy metabolism;Signaling molecules and interaction;Digestive system,Environmental Information Processing;Metabolism;Organismal Systems,SERAC1
8495,ko04512//ECM-receptor interaction;ko03013//RNA transport;ko04530//Tight junction;ko03040//Spliceosome;ko03015//mRNA surveillance pathway,Transcription;Signaling molecules and interaction;Translation;Cellular community - eukaryotes,Cellular Processes;Genetic Information Processing;Environmental Information Processing,PPFIBP2
84952,ko04530//Tight junction,Cellular community - eukaryotes,Cellular Processes,CGNL1
861,ko04659//Th17 cell differentiation;ko05202//Transcriptional misregulation in cancer;ko05221//Acute myeloid leukemia;ko05200//Pathways in cancer;ko04530//Tight junction;ko05220//Chronic myeloid leukemia,Immune system;Cancers: Overview;Cellular community - eukaryotes;Cancers: Specific types,Cellular Processes;Human Diseases;Organismal Systems,RUNX1
8771,ko04060//Cytokine-cytokine receptor interaction,Signaling molecules and interaction,Environmental Information Processing,TNFRSF6B
8843,ko04024//cAMP signaling pathway,Signal transduction,Environmental Information Processing,HCAR3
89927,ko04530//Tight junction;ko03460//Fanconi anemia pathway,Cellular community - eukaryotes;Replication and repair,Genetic Information Processing;Cellular Processes,C16orf45
90141,ko04722//Neurotrophin signaling pathway;ko05200//Pathways in cancer;ko04971//Gastric acid secretion;ko04922//Glucagon signaling pathway;ko05163//Human cytomegalovirus infection;ko04371//Apelin signaling pathway;ko04740//Olfactory transduction;ko04915//Estrogen signaling pathway;ko05031//Amphetamine addiction;ko04912//GnRH signaling pathway;ko04744//Phototransduction;ko04625//C-type lectin receptor signaling pathway;ko04014//Ras signaling pathway;ko04530//Tight junction;ko04137//Mitophagy - animal;ko04270//Vascular smooth muscle contraction;ko04360//Axon guidance;ko04810//Regulation of actin cytoskeleton;ko05167//Kaposi sarcoma-associated herpesvirus infection;ko04024//cAMP signaling pathway;ko05133//Pertussis;ko05418//Fluid shear stress and atherosclerosis;ko05214//Glioma;ko04140//Autophagy - animal;ko04670//Leukocyte transendothelial migration;ko04015//Rap1 signaling pathway;ko04921//Oxytocin signaling pathway;ko04925//Aldosterone synthesis and secretion;ko04970//Salivary secretion;ko04720//Long-term potentiation;ko04218//Cellular senescence;ko05170//Human immunodeficiency virus 1 infection;ko04728//Dopaminergic synapse;ko04261//Adrenergic signaling in cardiomyocytes;ko04916//Melanogenesis;ko04022//cGMP-PKG signaling pathway;ko04924//Renin secretion;ko04510//Focal adhesion;ko04713//Circadian entrainment;ko04910//Insulin signaling pathway;ko05010//Alzheimer disease;ko04070//Phosphatidylinositol signaling system;ko05152//Tuberculosis;ko05034//Alcoholism;ko04020//Calcium signaling pathway;ko04750//Inflammatory mediator regulation of TRP channels;ko04114//Oocyte meiosis;ko04745//Phototransduction - fly,Cellular community - eukaryotes;Infectious diseases: Viral;Cell growth and death;Cancers: Specific types;Neurodegenerative diseases;Digestive system;Signal transduction;Circulatory system;Endocrine system;Environmental adaptation;Infectious diseases: Bacterial;Substance dependence;Immune system;Cancers: Overview;Nervous system;Sensory system;Transport and catabolism;Cardiovascular diseases;Cell motility;Development,Organismal Systems;Human Diseases;Environmental Information Processing;Cellular Processes,EFCAB11
9071,ko04514//Cell adhesion molecules (CAMs);ko04530//Tight junction;ko05160//Hepatitis C;ko04670//Leukocyte transendothelial migration,Immune system;Cellular community - eukaryotes;Signaling molecules and interaction;Infectious diseases: Viral,Human Diseases;Environmental Information Processing;Cellular Processes;Organismal Systems,CLDN10
9073,ko04514//Cell adhesion molecules (CAMs);ko04670//Leukocyte transendothelial migration;ko04530//Tight junction;ko05160//Hepatitis C,Signaling molecules and interaction;Immune system;Infectious diseases: Viral;Cellular community - eukaryotes,Cellular Processes;Human Diseases;Environmental Information Processing;Organismal Systems,CLDN8
9076,ko05160//Hepatitis C;ko04514//Cell adhesion molecules (CAMs);ko04530//Tight junction;ko04670//Leukocyte transendothelial migration,Signaling molecules and interaction;Cellular community - eukaryotes;Infectious diseases: Viral;Immune system,Cellular Processes;Environmental Information Processing;Human Diseases;Organismal Systems,CLDN1
90952,ko04514//Cell adhesion molecules (CAMs);ko04670//Leukocyte transendothelial migration,Immune system;Signaling molecules and interaction,Environmental Information Processing;Organismal Systems,ESAM
914,ko04640//Hematopoietic cell lineage;ko04514//Cell adhesion molecules (CAMs),Immune system;Signaling molecules and interaction,Environmental Information Processing;Organismal Systems,CD2
920,ko04060//Cytokine-cytokine receptor interaction;ko04612//Antigen processing and presentation;ko04658//Th1 and Th2 cell differentiation;ko04660//T cell receptor signaling pathway;ko04659//Th17 cell differentiation;ko04514//Cell adhesion molecules (CAMs);ko05166//Human T-cell leukemia virus 1 infection;ko04640//Hematopoietic cell lineage;ko05170//Human immunodeficiency virus 1 infection;ko05340//Primary immunodeficiency,Infectious diseases: Viral;Immune system;Immune diseases;Signaling molecules and interaction,Environmental Information Processing;Human Diseases;Organismal Systems,CD4
9235,ko04060//Cytokine-cytokine receptor interaction,Signaling molecules and interaction,Environmental Information Processing,IL32
9368,"ko04530//Tight junction;ko05165//Human papillomavirus infection;ko04928//Parathyroid hormone synthesis, secretion and action",Infectious diseases: Viral;Endocrine system;Cellular community - eukaryotes,Cellular Processes;Human Diseases;Organismal Systems,SLC9A3R1
94,ko04060//Cytokine-cytokine receptor interaction,Signaling molecules and interaction,Environmental Information Processing,ACVRL1
947,ko04514//Cell adhesion molecules (CAMs);ko04640//Hematopoietic cell lineage,Signaling molecules and interaction;Immune system,Environmental Information Processing;Organismal Systems,CD34
9547,ko04060//Cytokine-cytokine receptor interaction;ko04062//Chemokine signaling pathway,Signaling molecules and interaction;Immune system,Organismal Systems;Environmental Information Processing,CXCL14
9560,ko05163//Human cytomegalovirus infection;ko04062//Chemokine signaling pathway;ko05132//Salmonella infection;ko04623//Cytosolic DNA-sensing pathway;ko04064//NF-kappa B signaling pathway;ko04620//Toll-like receptor signaling pathway;ko04060//Cytokine-cytokine receptor interaction,Signaling molecules and interaction;Signal transduction;Infectious diseases: Bacterial;Immune system;Infectious diseases: Viral,Human Diseases;Organismal Systems;Environmental Information Processing,CCL4L2
9586,"ko04922//Glucagon signaling pathway;ko05161//Hepatitis B;ko05016//Huntington disease;ko04725//Cholinergic synapse;ko04261//Adrenergic signaling in cardiomyocytes;ko05203//Viral carcinogenesis;ko04728//Dopaminergic synapse;ko05031//Amphetamine addiction;ko04152//AMPK signaling pathway;ko04925//Aldosterone synthesis and secretion;ko04668//TNF signaling pathway;ko04931//Insulin resistance;ko04024//cAMP signaling pathway;ko05030//Cocaine addiction;ko05165//Human papillomavirus infection;ko04714//Thermogenesis;ko05166//Human T-cell leukemia virus 1 infection;ko04928//Parathyroid hormone synthesis, secretion and action;ko04211//Longevity regulating pathway;ko04911//Insulin secretion;ko05034//Alcoholism;ko04915//Estrogen signaling pathway;ko04918//Thyroid hormone synthesis;ko04151//PI3K-Akt signaling pathway;ko04927//Cortisol synthesis and secretion;ko04934//Cushing syndrome;ko04962//Vasopressin-regulated water reabsorption;ko05215//Prostate cancer;ko05163//Human cytomegalovirus infection;ko04022//cGMP-PKG signaling pathway;ko04926//Relaxin signaling pathway",Cancers: Specific types;Endocrine and metabolic diseases;Aging;Cancers: Overview;Excretory system;Environmental adaptation;Neurodegenerative diseases;Endocrine system;Infectious diseases: Viral;Circulatory system;Signal transduction;Substance dependence;Nervous system,Organismal Systems;Human Diseases;Environmental Information Processing,CREB5
9844,ko05100//Bacterial invasion of epithelial cells;ko05131//Shigellosis;ko04062//Chemokine signaling pathway,Immune system;Infectious diseases: Bacterial,Human Diseases;Organismal Systems,ELMO1
999,ko04015//Rap1 signaling pathway;ko05200//Pathways in cancer;ko05130//Pathogenic Escherichia coli infection;ko05100//Bacterial invasion of epithelial cells;ko05226//Gastric cancer;ko05216//Thyroid cancer;ko04371//Apelin signaling pathway;ko04514//Cell adhesion molecules (CAMs);ko05218//Melanoma;ko05219//Bladder cancer;ko04390//Hippo signaling pathway;ko05213//Endometrial cancer;ko04520//Adherens junction,Infectious diseases: Bacterial;Signal transduction;Cellular community - eukaryotes;Cancers: Overview;Cancers: Specific types;Signaling molecules and interaction,Environmental Information Processing;Cellular Processes;Human Diseases,CDH1
